{
"skeleton": { "hash": "l4fBh6wLp8NN+1Ygk3PUuMLrukA", "spine": "3.4.02", "width": 343.25, "height": 244.06, "images": "" },
"bones": [
	{ "name": "root" },
	{ "name": "body", "parent": "root", "x": 24.14, "y": 151.41 },
	{ "name": "leftwrist", "parent": "root", "x": -25.67, "y": 156.6, "color": "ff3f00ff" },
	{ "name": "armleft", "parent": "body", "length": 20, "rotation": -90, "x": -30.69, "y": 11.77 },
	{ "name": "handleft", "parent": "armleft", "length": 20, "rotation": -135.62, "x": 19.88, "y": -0.59 },
	{ "name": "rightwrist", "parent": "root", "x": 49.68, "y": 145.87, "color": "ff3f00ff" },
	{ "name": "armright", "parent": "body", "length": 30.97, "rotation": -85.42, "x": 36.95, "y": 9.73 },
	{ "name": "handright", "parent": "armright", "length": 20.65, "rotation": 226.87, "x": 31.51, "y": -0.66, "color": "abe323ff" },
	{ "name": "legs", "parent": "body", "x": -6.04, "y": -55.04 },
	{ "name": "belt", "parent": "legs", "x": 0.7, "y": 9.74 },
	{ "name": "bone", "parent": "legs", "length": 11.92, "rotation": -126.46, "x": -19.84, "y": 1.16 },
	{ "name": "bone2", "parent": "bone", "length": 12.02, "rotation": 2.77, "x": 11.92 },
	{ "name": "bone3", "parent": "bone2", "length": 14.01, "rotation": -2.83, "x": 12.02 },
	{ "name": "bone4", "parent": "bone3", "length": 14.84, "rotation": -1.62, "x": 14.01 },
	{ "name": "bone5", "parent": "legs", "length": 13.29, "rotation": -48.81, "x": 19.35, "y": -0.5 },
	{ "name": "bone6", "parent": "bone5", "length": 14.26, "rotation": -3.31, "x": 13.29 },
	{ "name": "bone7", "parent": "bone6", "length": 15.17, "rotation": -0.69, "x": 14.26 },
	{ "name": "bone8", "parent": "bone7", "length": 19.78, "rotation": -2.48, "x": 15.17 },
	{ "name": "rightknee", "parent": "root", "x": 76.08, "y": 45.81, "color": "ff3f00ff" },
	{ "name": "bone9", "parent": "legs", "length": 31.52, "rotation": -51.78, "x": 18.17, "y": 2.33 },
	{ "name": "bone10", "parent": "bone9", "length": 32.04, "rotation": -1.9, "x": 31.52 },
	{ "name": "leftknee", "parent": "root", "x": -33.53, "y": 55.14, "color": "ff3f00ff" },
	{ "name": "bone11", "parent": "legs", "length": 24.87, "rotation": -126.38, "x": -18.71, "y": 0.22 },
	{ "name": "bone12", "parent": "bone11", "length": 26.58, "rotation": -2.98, "x": 24.87 },
	{ "name": "kneeright", "parent": "legs", "x": 60.22, "y": -58.43 },
	{ "name": "rightankleik", "parent": "root", "x": 95.69, "y": -1.59, "color": "ff3f00ff" },
	{ "name": "bone13", "parent": "kneeright", "length": 28.03, "rotation": -47.48, "x": 1.26, "y": 0.13 },
	{ "name": "bone14", "parent": "bone13", "length": 20, "rotation": -43.7, "x": 28.03 },
	{ "name": "kneeleft", "parent": "legs", "x": -51.47, "y": -49.5 },
	{ "name": "footleftik", "parent": "root", "x": -50.55, "y": 5.22, "color": "ff3f00ff" },
	{ "name": "bone16", "parent": "kneeleft", "length": 33.89, "rotation": -87.57, "x": -0.97, "y": -1.9 },
	{ "name": "bone17", "parent": "bone16", "length": 16.79, "rotation": -75.53, "x": 34.17, "y": -0.29 },
	{ "name": "hair", "parent": "body", "x": -5.84, "y": 52.14 },
	{ "name": "helmet", "parent": "hair", "x": 12.18, "y": 6.12 },
	{ "name": "eye", "parent": "helmet", "x": 8, "y": -4.91 },
	{ "name": "llp", "parent": "armleft", "rotation": -88.94, "x": 1.61, "y": -0.09, "inheritRotation": false },
	{ "name": "lrp", "parent": "armright", "rotation": -66.46, "x": 6.7, "y": -0.92, "inheritRotation": false },
	{ "name": "pauldronleft", "parent": "armleft", "rotation": -88.94, "x": -12.73, "y": -1.35, "inheritRotation": false },
	{ "name": "pauldronright", "parent": "armright", "rotation": -66.46, "x": -9.8, "y": -1.68, "inheritRotation": false },
	{ "name": "shadow", "parent": "root", "x": 0.1, "y": 2.12 },
	{ "name": "sword", "parent": "armright", "length": 50, "rotation": 179.5, "x": 9.83, "y": -34.2, "inheritRotation": false }
],
"slots": [
	{ "name": "images/shadow", "bone": "shadow", "attachment": "images/shadow" },
	{ "name": "images/body", "bone": "body", "attachment": "images/body" },
	{ "name": "images/legs", "bone": "legs", "attachment": "images/legs" },
	{ "name": "images/belt", "bone": "belt", "attachment": "images/belt" },
	{ "name": "images/armleft", "bone": "armleft", "attachment": "images/armleft" },
	{ "name": "images/hair", "bone": "hair", "attachment": "images/hair" },
	{ "name": "images/helmet", "bone": "helmet", "attachment": "images/helmet" },
	{ "name": "images/eye", "bone": "eye", "attachment": "images/eye" },
	{ "name": "images/llp", "bone": "llp", "attachment": "images/llp" },
	{ "name": "images/armright", "bone": "armright", "attachment": "images/armright" },
	{ "name": "images/pauldronleft", "bone": "pauldronleft", "attachment": "images/pauldronleft" },
	{ "name": "images/lrp", "bone": "lrp", "attachment": "images/lrp" },
	{ "name": "images/pauldronright", "bone": "pauldronright", "attachment": "images/pauldronright" },
	{ "name": "images/sword", "bone": "sword", "attachment": "images/sword" },
	{ "name": "images/handright", "bone": "handright", "attachment": "images/handright" },
	{ "name": "images/handleft", "bone": "handleft", "attachment": "images/handleft" },
	{ "name": "rightleg", "bone": "legs", "attachment": "rightleg" },
	{ "name": "leftlg", "bone": "legs", "attachment": "leftlg" },
	{ "name": "images/bootleft", "bone": "kneeleft", "attachment": "images/bootleft" },
	{ "name": "images/bootright", "bone": "kneeright", "attachment": "images/bootright" }
],
"ik": [
	{
		"name": "footleftik",
		"bones": [ "bone16", "bone17" ],
		"target": "footleftik",
		"bendPositive": false
	},
	{
		"name": "leftknee",
		"bones": [ "bone11", "bone12" ],
		"target": "leftknee"
	},
	{
		"name": "leftwrist",
		"bones": [ "armleft", "handleft" ],
		"target": "leftwrist",
		"bendPositive": false
	},
	{
		"name": "rightankleik",
		"bones": [ "bone13", "bone14" ],
		"target": "rightankleik",
		"bendPositive": false
	},
	{
		"name": "rightknee",
		"bones": [ "bone9", "bone10" ],
		"target": "rightknee",
		"bendPositive": false
	},
	{
		"name": "rightwrist",
		"bones": [ "armright", "handright" ],
		"target": "rightwrist",
		"bendPositive": false
	}
],
"transform": [
	{
		"name": "swordconst",
		"bones": [ "sword" ],
		"target": "handright",
		"x": 39.3,
		"y": 7.1,
		"rotateMix": 0,
		"scaleMix": 0,
		"shearMix": 0
	}
],
"path": [
	{
		"name": "leglegconst",
		"bones": [ "bone", "bone2", "bone3", "bone4" ],
		"target": "leftlg",
		"spacingMode": "percent",
		"rotateMode": "chainScale",
		"spacing": 0.25
	},
	{
		"name": "rightlegconst",
		"bones": [ "bone5", "bone6", "bone7", "bone8" ],
		"target": "rightleg",
		"spacingMode": "percent",
		"rotateMode": "chainScale",
		"spacing": 0.25
	}
],
"skins": {
	"default": {
		"images/armleft": {
			"images/armleft": { "x": 9.28, "y": -1.68, "rotation": 90, "width": 28, "height": 29 }
		},
		"images/armright": {
			"images/armright": { "x": 15.68, "y": -0.93, "rotation": 78.93, "width": 29, "height": 34 }
		},
		"images/belt": {
			"images/belt": { "x": -2.5, "y": 5.25, "width": 71, "height": 24 }
		},
		"images/body": {
			"images/body": { "width": 102, "height": 101 }
		},
		"images/bootleft": {
			"images/bootleft": {
				"type": "mesh",
				"uvs": [ 0, 1, 0.19072, 1, 0.35669, 1, 0.53118, 0.9454, 0.68865, 0.9423, 0.70567, 0.81513, 0.70992, 0.69416, 0.71844, 0.55769, 0.70567, 0.45223, 0.83313, 0.38296, 0.92326, 0.28254, 1, 0.22271, 0.9823, 0.16067, 0.85462, 0.18238, 0.70992, 0.07072, 0.53969, 0.09864, 0.34393, 0, 0.05027, 0, 0.07155, 0.08313, 0.1439, 0.10174, 0.12688, 0.22891, 0.19997, 0.35628, 0.29286, 0.47704, 0.3269, 0.5732, 0.34393, 0.67865, 0.30653, 0.74224, 0.23753, 0.79652, 0.10986, 0.83684, 0, 0.89267 ],
				"triangles": [ 1, 26, 2, 26, 25, 2, 2, 25, 3, 1, 28, 27, 1, 27, 26, 1, 0, 28, 4, 3, 5, 5, 3, 25, 25, 24, 5, 5, 24, 6, 6, 24, 7, 24, 23, 7, 23, 8, 7, 23, 22, 8, 22, 21, 8, 8, 21, 9, 10, 9, 20, 9, 21, 20, 20, 15, 10, 15, 20, 16, 20, 19, 16, 10, 15, 13, 15, 14, 13, 10, 12, 11, 10, 13, 12, 16, 19, 17, 19, 18, 17 ],
				"vertices": [ 1, 31, 21.74, 2.02, 1, 1, 31, 14.01, 4.73, 1, 1, 31, 7.27, 7.1, 1, 2, 30, 40.05, 2.69, 0.35483, 31, -0.86, 6.54, 0.64516, 2, 30, 39.86, 9.47, 0.65993, 31, -7.31, 8.60999, 0.34006, 2, 30, 32.34999, 10.18, 0.89043, 31, -10.49, 1.77, 0.10956, 2, 30, 25.21, 10.35, 0.99927, 31, -13.03, -4.89, 7.2E-4, 2, 30, 17.16, 10.71, 0.99994, 31, -16.04, -12.37, 5.0E-5, 2, 30, 10.94, 10.14999, 0.99997, 31, -17.58, -18.42, 2.0E-5, 2, 30, 6.84, 15.62, 0.99998, 31, -24.1, -20.45999, 1.0E-5, 2, 30, 0.91, 19.49, 0.99998, 31, -29.72, -24.77, 1.0E-5, 2, 30, -2.60999, 22.78, 0.99998, 31, -34.00999, -27.01, 1.0E-5, 2, 30, -6.27, 22.01, 0.99998, 31, -34.5, -30.71, 1.0E-5, 2, 30, -4.98, 16.52, 0.99998, 31, -28.89, -31.32, 1.0E-5, 2, 30, -11.56, 10.29, 0.99999, 31, -25.21, -39.59999, 0, 2, 30, -9.89999, 2.97, 0.99999, 31, -17.75, -40.47, 0, 1, 30, -15.7, -5.44, 1, 2, 30, -15.68, -18.07, 1, 31, 0.17, -52.93, 0, 2, 30, -10.78, -17.15, 1, 31, 0.93, -48, 0, 2, 30, -9.68999, -14.03, 1, 31, -1.63, -45.93, 0, 2, 30, -2.18, -14.75, 1, 31, 1.53, -39.09, 0, 2, 30, 5.32, -11.6, 1, 31, 1.04999, -30.96, 0, 2, 30, 12.44, -7.59, 1, 31, -0.34, -22.92, 0, 1, 30, 18.11, -6.12, 1, 2, 30, 24.33, -5.37, 0.95563, 31, 1.51, -10.96, 0.04436, 2, 30, 28.08, -6.98, 0.5766, 31, 4.27, -7.96, 0.42339, 2, 30, 31.29, -9.93999, 0.10484, 31, 8.13, -5.92, 0.89515, 2, 30, 33.68, -15.42, 5.6E-4, 31, 14.1, -5.49, 0.99943, 1, 31, 19.65, -3.95, 1 ],
				"hull": 29,
				"edges": [ 0, 2, 2, 4, 4, 6, 6, 8, 8, 10, 10, 12, 12, 14, 14, 16, 22, 24, 24, 26, 26, 28, 28, 30, 30, 32, 32, 34, 34, 36, 36, 38, 38, 40, 40, 42, 42, 44, 44, 46, 46, 48, 52, 54, 54, 56, 0, 56, 54, 2, 52, 4, 46, 14, 44, 16, 16, 18, 42, 18, 48, 12, 48, 50, 50, 52, 50, 10, 18, 20, 20, 22, 20, 40 ],
				"width": 43,
				"height": 59
			}
		},
		"images/bootright": {
			"images/bootright": {
				"type": "mesh",
				"uvs": [ 0.44491, 0.99728, 0.58215, 1, 0.97555, 0.99998, 0.99999, 0.78569, 0.99999, 0.60823, 0.99999, 0.45807, 0.788, 0.35569, 0.64619, 0.22601, 0.57757, 0.09974, 0.54555, 0, 0.36715, 0, 0.33512, 0.0895, 0.06981, 0.15093, 0, 0.25672, 0, 0.40006, 0.17959, 0.44783, 0.33096, 0.49422, 0.44949, 0.56728, 0.55927, 0.66283, 0.60044, 0.75156, 0.57757, 0.83347, 0.44034, 0.8949 ],
				"triangles": [ 1, 21, 20, 1, 20, 2, 2, 20, 3, 3, 20, 19, 1, 0, 21, 19, 4, 3, 19, 18, 4, 4, 18, 5, 18, 17, 5, 17, 6, 5, 17, 16, 6, 16, 7, 6, 16, 15, 7, 15, 8, 7, 15, 14, 8, 14, 11, 8, 11, 9, 8, 11, 10, 9, 14, 12, 11, 14, 13, 12 ],
				"vertices": [ 1, 27, 27.9, -12.44, 1, 1, 27, 26.93, -6.06, 1, 1, 27, 23.64, 12.13, 1, 1, 27, 10.14999, 10.86, 1, 2, 26, 34.79, 5.81, 0.34204, 27, -0.84, 8.88, 0.65795, 2, 26, 28.05, 12.44, 0.85146, 27, -10.14999, 7.2, 0.14853, 1, 26, 16.45999, 9.85999, 1, 1, 26, 5.96, 10.84, 1, 1, 26, -1.96, 14.12, 1, 1, 26, -7.5, 17.45, 1, 1, 26, -13.37, 11.47, 1, 1, 26, -10.41, 6.44, 1, 1, 26, -16.39, -5.15, 1, 1, 26, -13.94, -12.16, 1, 1, 26, -7.5, -18.49, 1, 1, 26, 0.55, -14.59, 1, 1, 26, 7.62, -11.56, 1, 2, 26, 14.81, -10.82, 0.95138, 27, 1.21, -17.03, 0.04861, 2, 26, 22.72, -11.36, 0.52064, 27, 6.21, -10.89, 0.47935, 2, 26, 28.06, -13.9, 0.08523, 27, 11.37, -7.99, 0.91476, 2, 26, 30.99, -18.28, 0.00191, 27, 16.64, -8.13, 0.99808, 1, 27, 21.59, -13.79, 1 ],
				"hull": 22,
				"edges": [ 0, 2, 2, 4, 8, 10, 10, 12, 14, 16, 16, 18, 18, 20, 20, 22, 22, 24, 24, 26, 26, 28, 28, 30, 34, 36, 36, 38, 38, 40, 40, 42, 0, 42, 40, 4, 42, 2, 38, 6, 36, 8, 34, 10, 30, 32, 32, 34, 12, 32, 30, 14, 12, 14, 16, 28, 6, 8, 4, 6 ],
				"width": 47,
				"height": 63
			}
		},
		"images/eye": {
			"images/eye": { "width": 18, "height": 16 }
		},
		"images/hair": {
			"images/hair": {
				"type": "mesh",
				"uvs": [ 0.51426, 1, 0.47869, 0.84208, 0.39569, 0.8732, 0.31862, 0.81095, 0.24155, 0.85591, 0.17041, 0.75216, 0.08741, 0.79712, 0.01034, 0.61037, 0.03998, 0.47204, 0, 0.50662, 0, 0.34408, 0.05777, 0.29221, 0.06369, 0.21958, 0.28898, 0.10546, 0.55018, 0.18377, 0.71282, 0.63179, 0.73089, 0.74248, 0.67668, 1, 0.59094, 0.94591, 0.59451, 0.85841, 0.59451, 0.773, 0.42308, 0.75425, 0.28023, 0.71258, 0.13737, 0.64383, 0.13737, 0.54175, 0.30523, 0.60633, 0.48737, 0.65008, 0.09808, 0.38758 ],
				"triangles": [ 13, 11, 12, 27, 11, 13, 10, 11, 27, 8, 10, 27, 9, 10, 8, 25, 24, 27, 8, 27, 24, 25, 13, 14, 25, 27, 13, 8, 24, 7, 26, 25, 14, 23, 7, 24, 23, 24, 25, 15, 26, 14, 22, 23, 25, 21, 22, 25, 5, 23, 22, 26, 21, 25, 20, 26, 15, 20, 15, 16, 21, 26, 20, 6, 7, 23, 6, 23, 5, 3, 22, 21, 1, 21, 20, 4, 5, 22, 4, 22, 3, 19, 20, 16, 1, 20, 19, 2, 3, 21, 2, 21, 1, 18, 1, 19, 0, 1, 18, 17, 19, 16, 18, 19, 17, 0, 18, 17 ],
				"vertices": [ 0.39, -24, -0.58999, -16.42, -2.92, -17.91, -5.07, -14.92, -7.23, -17.08, -9.22, -12.1, -11.55, -14.26, -13.71, -5.29, -12.88, 1.34, -14, -0.31, -14, 7.48, -12.38, 9.97, -12.21, 13.45, -5.9, 18.93, 1.4, 15.17, 5.95, -6.32, 6.46, -11.63, 4.94, -24, 2.54, -21.4, 2.64, -17.2, 2.64, -13.1, -2.15, -12.2, -6.15, -10.2, -10.14999, -6.9, -10.14999, -2, -5.45, -5.1, -0.35, -7.2, -11.25, 5.39 ],
				"hull": 18,
				"edges": [ 0, 2, 2, 4, 4, 6, 6, 8, 8, 10, 10, 12, 12, 14, 14, 16, 16, 18, 18, 20, 20, 22, 22, 24, 24, 26, 26, 28, 28, 30, 30, 32, 32, 34, 0, 34 ],
				"width": 28,
				"height": 48
			}
		},
		"images/handleft": {
			"images/handleft": { "x": 9.58, "y": -1.09, "rotation": -134.37, "width": 28, "height": 29 }
		},
		"images/handright": {
			"images/handright": { "x": 18.81, "y": 1.91, "rotation": -128.02, "width": 46, "height": 46 }
		},
		"images/helmet": {
			"images/helmet": { "width": 47, "height": 42 }
		},
		"images/legs": {
			"images/legs": {
				"type": "mesh",
				"uvs": [ 0, 0.63958, 0.16254, 0.25907, 0.2733, 0, 0.38407, 0, 0.5209, 0.09227, 0.65447, 0.02451, 0.77827, 0.04015, 0.78478, 0.13919, 0.94767, 0.5197, 0.97393, 0.59267, 0.9947, 0.71256, 1, 1, 0.85971, 1, 0.60234, 0.67086, 0.53067, 0.59788, 0.46552, 0.57704, 0.41339, 0.60831, 0.35149, 0.6865, 0.30263, 0.88978, 0.09413, 0.92627, 0, 0.84808 ],
				"triangles": [ 16, 0, 1, 17, 0, 16, 20, 0, 17, 17, 19, 20, 18, 19, 17, 16, 1, 15, 4, 2, 3, 4, 15, 2, 15, 1, 2, 14, 15, 4, 7, 4, 5, 7, 5, 6, 7, 14, 4, 14, 7, 8, 13, 14, 8, 13, 8, 9, 13, 9, 10, 12, 13, 10, 12, 10, 11 ],
				"vertices": [ 5, 8, -64, -30.52, 0, 10, 43.87, -18.1, 1.0E-4, 11, 32.00999, -18.59, 0.00254, 12, 23.23, -18.45, 0.17801, 13, 10.81, -17.98, 0.81933, 4, 8, -43.19, -0.08, 0, 10, 12.83, -19.14, 0.5223, 11, 0.7, -19.15, 0.40109, 12, -12.99, -19.23, 0.0766, 4, 8, -29.01, 20.64, 0.0295, 10, -8.3, -19.84, 0.96372, 11, -20.61, -19.53, 0.00675, 13, -54.45, -22.21, 1.0E-5, 3, 8, -14.83, 20.64, 0.21422, 10, -15.31, -8.35999, 0.78576, 13, -63.72, -11.08, 0, 5, 17, -80.97, -4.9, 0, 14, -14.16, -6.09, 0.2405, 8, 2.67, 13.25, 0.63638, 10, -18.94, 10.14, 0.12311, 13, -69.05, 7.23, 0, 3, 17, -73.67, 11.97, 3.0E-5, 14, -9.43999, 10.86, 0.95164, 8, 19.77, 18.67, 0.04831, 4, 17, -60.88, 23.82, 8.0E-5, 15, -15.43, 22.66, 0.03763, 14, -0.99, 22.85, 0.96227, 13, -94.04, 30.51, 0, 4, 17, -52.67, 19.68, 1.0E-4, 15, -9.47999, 18.68, 0.11024, 14, 4.56, 18.79999, 0.88965, 13, -88.02, 36.07, 0, 6, 17, -8.21, 17.81, 0.17775, 16, 8.59, 17.66, 0.63234, 15, 22.33, 17.68, 0.18426, 14, 34.4, 17.41, 0.00563, 11, -34.05, 74.96, 0, 13, -76.43, 71.29, 0, 5, 17, -0.15, 16.95, 0.3846, 16, 14.73, 16.94, 0.55937, 15, 28.11, 16.96999, 0.05601, 11, -31.65, 81.07, 0, 13, -73.79, 77.55, 0, 4, 17, 10.99, 13.25, 0.78744, 16, 23.26, 13.44, 0.21255, 11, -26.3, 88.77, 0, 13, -67.58, 85.58, 0, 2, 17, 33.55, -0.14, 1, 13, -48.97, 100.35, 0, 3, 17, 20.42, -14.42, 0.97782, 16, 30.95, -14.06, 0.02217, 13, -37.23, 86.26, 0, 9, 17, -28.93, -24.67, 0.00309, 16, -6.28, -25.18, 0.23758, 15, 8.38, -25.19, 0.46475, 14, 20.95, -25.29, 0.04628, 8, 13.1, -33.02, 0.2204, 10, 7.44, 45.76, 2.0E-5, 11, -4.01, 45.83, 0.02784, 12, -18.83, 45.72, 0, 13, -37.50999, 44.08, 0, 7, 16, -15.54, -29.15, 0.06357, 15, -0.34, -29.18, 0.28363, 14, 12.73, -29.18, 0.07628, 8, 3.92, -27.19, 0.45074, 10, 8, 34.91, 0.02511, 11, -3.57, 34.96, 0.0931, 12, -18.25, 34.86, 0.00753, 7, 16, -21.28, -34.91, 0.01301, 15, -5.73, -34.95, 0.1167, 14, 7.62, -34.88, 0.02767, 8, -4.41, -25.52, 0.47213, 10, 10.99, 27.18, 0.09304, 11, -0.64, 27.19, 0.23174, 12, -14.82, 27.1, 0.04568, 8, 16, -23.02, -41.78, 0.00192, 15, -7.36, -41.82, 0.04485, 14, 6.03, -41.73, 0.00263, 8, -11.08, -28.02, 0.29314, 10, 15.99, 23.25, 0.09804, 11, 4.35, 23.18, 0.40675, 12, -9, 23.13, 0.14548, 13, -25.85, 22, 0.00715, 6, 15, -7.01, -51.91, 0.00896, 8, -19, -34.28, 0.08326, 10, 24.17, 20.51, 0.01051, 11, 12.57, 20.32, 0.39295, 12, 0.52, 20.32, 0.40485, 13, -15.48, 19.65, 0.09945, 4, 8, -25.26, -50.54, 0.00504, 11, 26.92, 24.59, 0.077, 12, 17.09, 24.69, 0.4413, 13, 2.07, 24.81, 0.47663, 2, 10, 53.55, 5.11, 0, 13, 21.94, 5.67, 0.99999, 3, 8, -64, -47.2, 0, 10, 55.24, -8.3, 1.0E-5, 13, 24.63, -7.65, 0.99998 ],
				"hull": 21,
				"edges": [ 0, 2, 2, 4, 4, 6, 6, 8, 8, 10, 10, 12, 12, 14, 14, 16, 16, 18, 18, 20, 20, 22, 22, 24, 24, 26, 26, 28, 28, 30, 30, 32, 32, 34, 34, 36, 36, 38, 38, 40, 0, 40 ],
				"width": 128,
				"height": 80
			}
		},
		"images/llp": {
			"images/llp": { "rotation": 89.99, "width": 26, "height": 15 }
		},
		"images/lrp": {
			"images/lrp": { "rotation": 64.93, "width": 26, "height": 16 }
		},
		"images/pauldronleft": {
			"images/pauldronleft": { "x": 0.57, "rotation": 89.99, "width": 33, "height": 29 }
		},
		"images/pauldronright": {
			"images/pauldronright": { "rotation": 64.93, "width": 37, "height": 28 }
		},
		"images/shadow": {
			"images/shadow": { "x": -11.64, "width": 312, "height": 31 }
		},
		"images/sword": {
			"images/sword": { "x": 112.02, "y": -3.77, "rotation": 178.81, "width": 238, "height": 28 }
		},
		"leftlg": {
			"leftlg": {
				"type": "path",
				"lengths": [ 56.65, 131.05 ],
				"vertexCount": 6,
				"vertices": [ 1, 22, -17.64, -0.4, 1, 1, 22, -0.58999, -0.51, 1, 1, 22, 4.87, -0.7, 1, 1, 23, 28.23, 2.86, 1, 1, 23, 31.13, 1.66, 1, 1, 22, 72.14, -3.99, 1 ]
			}
		},
		"rightleg": {
			"rightleg": {
				"type": "path",
				"lengths": [ 65.94, 151.72 ],
				"vertexCount": 6,
				"vertices": [ 1, 20, -51.67, -2.16, 1, 1, 19, -0.5, 0.15, 1, 1, 19, 3.64, 0.49, 1, 1, 20, 30.95, -1.1, 1, 1, 20, 33.9, -0.41, 1, 1, 20, 53.36, 3.14, 1 ]
			}
		}
	}
},
"animations": {
	"animation": {
		"bones": {
			"leftwrist": {
				"translate": [
					{
						"time": 0,
						"x": 1.36,
						"y": 0,
						"curve": [ 0.25, 0, 0.75, 1 ]
					},
					{
						"time": 1,
						"x": 0.26,
						"y": -8.72,
						"curve": [ 0.25, 0, 0.75, 1 ]
					},
					{
						"time": 2,
						"x": 1.36,
						"y": -4.78,
						"curve": [ 0.25, 0, 0.75, 1 ]
					},
					{
						"time": 3,
						"x": -0.53,
						"y": -9.38,
						"curve": [ 0.25, 0, 0.75, 1 ]
					},
					{ "time": 4, "x": 1.36, "y": 0 }
				]
			},
			"body": {
				"translate": [
					{
						"time": 0,
						"x": 0,
						"y": 0,
						"curve": [ 0.25, 0, 0.75, 1 ]
					},
					{
						"time": 1,
						"x": 1.99,
						"y": -3.78,
						"curve": [ 0.25, 0, 0.75, 1 ]
					},
					{
						"time": 2,
						"x": 0,
						"y": 0,
						"curve": [ 0.25, 0, 0.75, 1 ]
					},
					{
						"time": 3,
						"x": 1.99,
						"y": -3.78,
						"curve": [ 0.25, 0, 0.75, 1 ]
					},
					{ "time": 4, "x": 0, "y": 0 }
				]
			},
			"belt": {
				"translate": [
					{
						"time": 0,
						"x": 0,
						"y": 0,
						"curve": [ 0.25, 0, 0.75, 1 ]
					},
					{
						"time": 1,
						"x": 0,
						"y": 0.51,
						"curve": [ 0.25, 0, 0.75, 1 ]
					},
					{
						"time": 2,
						"x": 0,
						"y": 0,
						"curve": [ 0.25, 0, 0.75, 1 ]
					},
					{
						"time": 3,
						"x": 0,
						"y": 0.51,
						"curve": [ 0.25, 0, 0.75, 1 ]
					},
					{ "time": 4, "x": 0, "y": 0 }
				]
			},
			"pauldronleft": {
				"translate": [
					{
						"time": 0,
						"x": 0,
						"y": 0,
						"curve": [ 0.25, 0, 0.75, 1 ]
					},
					{
						"time": 1,
						"x": 0.27,
						"y": 0.52,
						"curve": [ 0.25, 0, 0.75, 1 ]
					},
					{
						"time": 2,
						"x": -0.33,
						"y": 2.8,
						"curve": [ 0.25, 0, 0.75, 1 ]
					},
					{
						"time": 3,
						"x": 0.42,
						"y": 0.07,
						"curve": [ 0.25, 0, 0.75, 1 ]
					},
					{ "time": 4, "x": 0, "y": 0 }
				]
			},
			"rightwrist": {
				"translate": [
					{
						"time": 0,
						"x": 0,
						"y": 0,
						"curve": [ 0.25, 0, 0.75, 1 ]
					},
					{
						"time": 1,
						"x": 0,
						"y": -6.12,
						"curve": [ 0.25, 0, 0.75, 1 ]
					},
					{
						"time": 2,
						"x": 0,
						"y": 0,
						"curve": [ 0.25, 0, 0.75, 1 ]
					},
					{
						"time": 3,
						"x": 0,
						"y": -6.12,
						"curve": [ 0.25, 0, 0.75, 1 ]
					},
					{ "time": 4, "x": 0, "y": 0 }
				]
			},
			"leftknee": {
				"translate": [
					{
						"time": 0,
						"x": 0,
						"y": 0,
						"curve": [ 0.25, 0, 0.75, 1 ]
					},
					{
						"time": 1,
						"x": -13.22,
						"y": -2.43,
						"curve": [ 0.25, 0, 0.75, 1 ]
					},
					{
						"time": 2,
						"x": 0,
						"y": 0,
						"curve": [ 0.25, 0, 0.75, 1 ]
					},
					{
						"time": 3,
						"x": -1.83,
						"y": 0,
						"curve": [ 0.25, 0, 0.75, 1 ]
					},
					{ "time": 4, "x": 0, "y": 0 }
				]
			},
			"rightknee": {
				"translate": [
					{
						"time": 0,
						"x": -0.28,
						"y": 3.13,
						"curve": [ 0.25, 0, 0.75, 1 ]
					},
					{
						"time": 1,
						"x": -3.54,
						"y": 0.23,
						"curve": [ 0.25, 0, 0.75, 1 ]
					},
					{
						"time": 2,
						"x": -0.28,
						"y": 3.13,
						"curve": [ 0.25, 0, 0.75, 1 ]
					},
					{
						"time": 3,
						"x": -3.54,
						"y": 0.23,
						"curve": [ 0.25, 0, 0.75, 1 ]
					},
					{ "time": 4, "x": -0.28, "y": 3.13 }
				]
			},
			"sword": {
				"rotate": [
					{ "time": 1, "angle": 0 },
					{ "time": 2, "angle": -354.93 },
					{ "time": 3, "angle": 0 }
				]
			},
			"hair": {
				"translate": [
					{ "time": 0, "x": 0, "y": 0 },
					{ "time": 1, "x": 0, "y": -2.07 },
					{ "time": 2, "x": 0, "y": 0 },
					{ "time": 3, "x": 0, "y": -2.07 },
					{ "time": 4, "x": 0, "y": 0 }
				]
			},
			"kneeleft": {
				"translate": [
					{ "time": 0, "x": 0, "y": 0 },
					{ "time": 1, "x": -6.33, "y": 2.43 },
					{ "time": 2, "x": 0, "y": 0 },
					{ "time": 3, "x": -6.33, "y": 3.89 },
					{ "time": 4, "x": 0, "y": 0 }
				]
			}
		},
		"deform": {
			"default": {
				"images/hair": {
					"images/hair": [
						{ "time": 0 },
						{
							"time": 1,
							"vertices": [ -3.59997, 0, -1.49999, 0, -1.49999, 0, -1.49999, 0, -1.49999, 0, -1.49999, 0, -1.49999, 0, 0, 0, 0, 0, 0, 0, 0, 0, 0, 0, 0, 0, 0, 0, 0, 0, 0, 0, 0, 0, -1.49999, 0, -3.09998, 0, -1.49999 ]
						},
						{ "time": 2 },
						{
							"time": 3,
							"vertices": [ -3.59997, 0, -1.49999, 0, -1.49999, 0, -1.49999, 0, -1.49999, 0, -1.49999, 0, -1.49999, 0, 0, 0, 0, 0, 0, 0, 0, 0, 0, 0, 0, 0, 0, 0, 0, 0, 0, 0, 0, 0, -1.49999, 0, -3.09998, 0, -1.49999 ]
						},
						{ "time": 4 }
					]
				},
				"leftlg": {
					"leftlg": [
						{
							"time": 0,
							"curve": [ 0.25, 0, 0.75, 1 ]
						},
						{
							"time": 1,
							"offset": 6,
							"vertices": [ 1.13753, 1.82069, 1.13753, 1.82069, 1.13751, 1.82085 ],
							"curve": [ 0.25, 0, 0.75, 1 ]
						},
						{
							"time": 2,
							"curve": [ 0.25, 0, 0.75, 1 ]
						},
						{
							"time": 3,
							"offset": 6,
							"vertices": [ 4.1867, -3.19518, 4.1867, -3.19518, 4.18666, -3.19506 ],
							"curve": [ 0.25, 0, 0.75, 1 ]
						},
						{ "time": 4 }
					]
				},
				"rightleg": {
					"rightleg": [
						{
							"time": 0,
							"curve": [ 0.25, 0, 0.75, 1 ]
						},
						{
							"time": 1,
							"vertices": [ 4.94069, -10.90895, 0, 0, 4.19949, 7.29424, -26.21918, -8.74514, 0.80115, 2.97193, -0.46146, 7.17374 ],
							"curve": [ 0.25, 0, 0.75, 1 ]
						},
						{
							"time": 2,
							"curve": [ 0.25, 0, 0.75, 1 ]
						},
						{
							"time": 3,
							"vertices": [ 4.94069, -10.90895, 0, 0, 4.19949, 7.29424, -26.21918, -8.74514, 0.80115, 2.97193, -0.46146, 7.17374 ],
							"curve": [ 0.25, 0, 0.75, 1 ]
						},
						{ "time": 4 }
					]
				}
			}
		}
	}
}
}