{
  "AbsorbEndCombat": {
    "NAME": "Heart of Goo",
    "FLAVOR": "Never leave a slime behind.",
    "DESCRIPTIONS": [
      "At the end of combat, for each Spawned slime, heal #b3 HP."
    ]
  },"AbsorbEndCombatUpgraded": {
  "NAME": "Black Heart of Goo",
  "FLAVOR": "Sometimes leave a slime behind.",
  "DESCRIPTIONS": [
    "Gain [G] at the start of your turn. NL At the end of combat, for each Spawned slime, heal #b1 HP."
  ]
},"SlimedTailRelic": {
  "NAME": "Slimed Tail",
  "FLAVOR": "A fake tail to trick enemies during combat, completely covered in slime.",
  "DESCRIPTIONS": [
    "When you would die, heal to #b25% of your Max HP instead, then spawn two Toxic Slimes who will block up to 2 attacks made to you this turn. (works once)."
  ]
},"PotencyRelic": {
  "NAME": "Ooze Stone",
  "FLAVOR": "It is said to gain power based on your mood.",
  "DESCRIPTIONS": [
    "At the start of combat, spawn a Sludging Slime and gain #b1 Potency."
  ]
},"PreparedRelic": {
  "NAME": "Slimed Tea Set",
  "FLAVOR": "Definitely not the key to a refreshing night's rest.",
  "DESCRIPTIONS": [
    "When you Rest, begin the next combat with a Prepare card that costs 0 for your first turn."
  ]
},"StudyCardRelic": {
  "NAME": "Tiny Bowler Hat",
  "FLAVOR": "Whosoever controls the hat, controls the world.",
  "DESCRIPTIONS": [
    "At the start of combat, add a random #bStudy boss Power card to your hand."
  ]
},"AggressiveSlimeRelic": {
  "NAME": "My Own Minion",
  "FLAVOR": "He followed me home. Can I keep it?",
  "DESCRIPTIONS": [
    "At the start of combat, spawn an Aggressive slime."
  ]
},"MaxSlimesRelic": {
  "NAME": "Slime Plushie",
  "FLAVOR": "Too adorable.",
  "DESCRIPTIONS": [
    "At the start of combat, spawn a Licking slime and gain 1 Slime slot."
  ]
}
}