{
  "BronzeSlime": {
    "NAME": "Bronze Orb Slime",
    "DESCRIPTION": [
      "Deals ",
      " Damage at the start of your turn and grants you ",
      " Block."
    ]
  },
  "AttackSlime": {
    "NAME": "Aggressive Slime",
    "DESCRIPTION": [
      "Deals ",
      " Damage at the start of your turn."
    ]
  },
  "TorchHeadSlime": {
    "NAME": "Torch Head Slime",
    "DESCRIPTION": [
      "Deals ",
      " Damage at the start of your turn.  Torch Heads gain Strength when you do."
    ]
  },
  "CultistSlime": {
    "NAME": "Cultist Slime",
    "DESCRIPTION": [
      "Deals ",
      " Damage at the start of your turn, then increases it's Strength by 2."
    ]
  },
  "DebuffSlime": {
    "NAME": "Licking Slime",
    "DESCRIPTION": [
      "Deals ",
      " Damage and applies 1 Weak at the start of your turn."
    ]
  },
  "PoisonSlime": {
    "NAME": "Toxic Slime",
    "DESCRIPTION": [
      "Applies ",
      " Poison at the start of your turn."
    ]
  },
  "SlimingSlime": {
    "NAME": "Sludging Slime",
    "DESCRIPTION": [
      "Applies ",
      " Slimed at the start of your turn."
    ]
  },
  "HexSlime": {
    "NAME": "Ghostflame Slime",
    "DESCRIPTION": [
      "Does not attack.  When absorbed, gain ",
      " Strength and Potency and an extra 3 Block and HP. NL If 6 Ghostflames exist at any point, Absorb all slimes."
    ]
  }
}






