{
	"PotencyPower": {
		"NAME": "Potency",
		"DESCRIPTIONS": [
			"Increase the effectiveness of your spawned #ySlimes by ",
			"."
		]
	},
	"SlimedPower": {
		"NAME": "Slimed",
		"DESCRIPTIONS": [
			"The next Attack against this enemy deals ",
			" more damage and restores ",
			" HP, consuming all #ySlimed.  One stack decays per turn."
		]
	},
	"HexSlimePerTurnPower": {
		"NAME": "Hex Power",
		"DESCRIPTIONS": [
			"Spawn a Ghostflame slime at the start of your next turn.",
			"Spawn a Ghostflame slime at the start of your next ",
			" turns."
		]
	},
	"SlimeSacrifice": {
		"NAME": "Slime Sacrifice",
		"DESCRIPTIONS": [
			"Prevent the next time you would be damaged by an Attack this turn at the cost of your oldest Slime.",
			"Prevent the next #b",
			" times you would damaged by an Attack this turn at the cost of your oldest Slime."
		]
	},
	"SplitForLessPower": {
		"NAME": "Efficient Goo",
		"DESCRIPTIONS": [
			"Splitting costs ",
			" less HP.  Whenever you Split, draw ",
			" card.",
			" cards."
		]
	},
	"SelfFormingGooPower": {
		"NAME": "Self-Forming Goo",
		"DESCRIPTIONS": [
			"Gain ",
			" Block whenever you lose HP."
		]
	},
	"LoseThornsPower": {
		"NAME": "Retracting Spikes",
		"DESCRIPTIONS": [
			"Lose ",
			" Thorns at the start of your next turn."
		]
	},
	"DuplicatedFormPower": {
		"NAME": "Duplicated Form",
		"DESCRIPTIONS": [
			"The first card you play each turn is played twice.",
			"The first #b",
			" cards you play each turn are played twice."
		]
	},
	"DuplicatedFormNoHealPower": {
		"NAME": "Permanently Halved",
		"DESCRIPTIONS": [
			"You cannot heal beyond 50% of your Maximum HP."
		]
	},
	"DuplicatedFormEnergyPower": {
		"NAME": "Tag-Team",
		"DESCRIPTIONS": [
			"Gain ",
			" [G] and draw ",
			" card each turn.",
			" cards each turn."
		]
	},
	"GluttonyPower": {
		"NAME": "Gluttony",
		"DESCRIPTIONS": [
			"Add ",
			" random Lick card to your hand each turn.",
			" random Lick cards to your hand each turn."
		]
	},
	"GluttonyPowerUpgraded": {
		"NAME": "Gluttony+",
		"DESCRIPTIONS": [
			"Add ",
			" random Upgraded Lick card to your hand each turn.",
			" random Upgraded Lick cards to your hand each turn."
		]
	},
	"PoisonThornsPower": {
		"NAME": "Acid Gelatin",
		"DESCRIPTIONS": [
			"Apply ",
			" Poison to attackers."
		]
	},
	"SlimeRitualPower": {
		"NAME": "Ritual",
		"DESCRIPTIONS": [
			"Gain ",
			" Strength at the start of each turn."
		]
	},
	"RecyclingPower": {
		"NAME": "Recycling",
		"DESCRIPTIONS": [
			"Gain ",
			" Regen when you Exhaust a card."
		]
	},
	"AcidTonguePower": {
		"NAME": "Acid Tongue",
		"DESCRIPTIONS": [
			"Apply ",
			" Poison whenever you apply Frail, Weaken, or Slimed."
		]
	},
	"TackleBuffPower": {
		"NAME": "Momentum",
		"DESCRIPTIONS": [
			"Tackle Attacks deal ",
			" more damage, and ",
			" more damage to you."
		]
	},
	"NextTurnGainStrengthPower": {
		"NAME": "Charging Up",
		"DESCRIPTIONS": [
			"Gain ",
			" Strength on your next turn."
		]
	},
	"NextTurnGainSlimeCrush": {
		"NAME": "Preparing to Crush",
		"DESCRIPTIONS": [
			"Gain a SLIME CRUSH on your next turn.",
			"Gain ",
			" copies of SLIME CRUSH on your next turn."
		]
	},
	"StunnedPower": {
		"NAME": "Completely Exhausted",
		"DESCRIPTIONS": [
			"Skip your next turn.",
			"Skip your next ",
			" turns."
		]
	},
	"SearingPower": {
		"NAME": "Burn",
		"DESCRIPTIONS": [
			"Taking ",
			" damage each turn."
		]
	},
	"NextTurnGainHyperBeam": {
		"NAME": "Preparing to Beam",
		"DESCRIPTIONS": [
			"Gain a Hyper Beam on your next turn.",
			"Gain ",
			" copies of Hyper Beam on your next turn."
		]
	},
	"NextTurnGainDivider": {
		"NAME": "Preparing to Divide",
		"DESCRIPTIONS": [
			"Gain a Divide on your next turn.",
			"Gain ",
			" copies of Divide on your next turn."
		]
	},
	"StudyAutomatonPower": {
		"NAME": "Study Automaton",
		"DESCRIPTIONS": [
			"Gain a random Automaton card at the start of next turn.",
			"Gain a random Automaton card at the start of your next ",
			" turns."
		]
	},
	"StudyAutomatonPowerUpgraded": {
		"NAME": "Study Automaton+",
		"DESCRIPTIONS": [
			"Gain ",
			" random Automaton card to your hand each turn.",
			" random Automaton cards to your hand each turn."
		]
	},
	"StudyAwakenedPower": {
		"NAME": "Study Awakened One",
		"DESCRIPTIONS": [
			"Gain a random Awakened One card at the start of next turn.",
			"Gain a random Awakened One card at the start of your next ",
			" turns."
		]
	},
	"StudyAwakenedPowerUpgraded": {
		"NAME": "Study Awakened One+",
		"DESCRIPTIONS": [
			"Gain ",
			" random Awakened One card to your hand each turn.",
			" random Awakened One cards to your hand each turn."
		]
	},
	"StudyChampPower": {
		"NAME": "Study Champ",
		"DESCRIPTIONS": [
			"Gain a random Champ card at the start of next turn.",
			"Gain a random Champ card at the start of your next ",
			" turns."
		]
	},
	"StudyChampPowerUpgraded": {
		"NAME": "Study Champ+",
		"DESCRIPTIONS": [
			"Gain ",
			" random Champ card to your hand each turn.",
			" random Champ cards to your hand each turn."
		]
	},
	"StudyCollectorPower": {
		"NAME": "Study Collector",
		"DESCRIPTIONS": [
			"Gain a random Collector card at the start of next turn.",
			"Gain a random Collector card at the start of your next ",
			" turns."
		]
	},
	"StudyCollectorPowerUpgraded": {
		"NAME": "Study Collector+",
		"DESCRIPTIONS": [
			"Gain ",
			" random Collector card to your hand each turn.",
			" random Collector cards to your hand each turn."
		]
	},
	"StudyGuardianPower": {
		"NAME": "Study Guardian",
		"DESCRIPTIONS": [
			"Gain a random Guardian card at the start of next turn.",
			"Gain a random Guardian card at the start of your next ",
			" turns."
		]
	},
	"StudyGuardianPowerUpgraded": {
		"NAME": "Study Guardian+",
		"DESCRIPTIONS": [
			"Gain ",
			" random Guardian card to your hand each turn.",
			" random Guardian cards to your hand each turn."
		]
	},
	"StudyHexaghostPower": {
		"NAME": "Study Hexaghost",
		"DESCRIPTIONS": [
			"Gain a random Hexaghost card at the start of next turn.",
			"Gain a random Hexaghost card at the start of your next ",
			" turns."
		]
	},
	"StudyHexaghostPowerUpgraded": {
		"NAME": "Study Hexaghost+",
		"DESCRIPTIONS": [
			"Gain ",
			" random Hexaghost card to your hand each turn.",
			" random Hexaghost cards to your hand each turn."
		]
	},
	"StudyShapesPower": {
		"NAME": "Study Donu & Deca",
		"DESCRIPTIONS": [
			"Gain a random Donu & Deca card at the start of next turn.",
			"Gain a random Donu & Deca card at the start of your next ",
			" turns."
		]
	},
	"StudyShapesPowerUpgraded": {
		"NAME": "Study Donu & Deca+",
		"DESCRIPTIONS": [
			"Gain ",
			" random Donu & Deca card to your hand each turn.",
			" random Donu & Deca cards to your hand each turn."
		]
	},
	"StudyTimeEaterPower": {
		"NAME": "Study Time Eater",
		"DESCRIPTIONS": [
			"Gain a random Time Eater card at the start of next turn.",
			"Gain a random Time Eater card at the start of your next ",
			" turns."
		]
	},
	"StudyTimeEaterPowerUpgraded": {
		"NAME": "Study Time Eater+",
		"DESCRIPTIONS": [
			"Gain ",
			" random Time Eater card to your hand each turn.",
			" random TimeEater cards to your hand each turn."
		]
	}
}
