{
  "Strike_Slimebound": {
    "NAME": "Strike",
    "DESCRIPTION": "Deal !D! damage."
  },
  "Defend_Slimebound": {
    "NAME": "Defend",
    "DESCRIPTION": "Gain !B! Block."
  },
  "BronzeSlime": {
    "NAME": "Spawn Bronze",
    "DESCRIPTION": "Split into a Bronze Slime. NL Exhaust",
    "UPGRADE_DESCRIPTION": "Split into a Bronze Slime twice. NL Exhaust"
  },
  "PotencyGainCard": {
    "NAME": "Level Up",
    "DESCRIPTION": "Gain !M! Potency."
  },
  "TorchHeadSlime": {
    "NAME": "Split: Torch-Head",
    "DESCRIPTION": "Split into a Torch-Head Slime. NL Exhaust",
    "UPGRADE_DESCRIPTION": "Split into a Torch-Head Slime twice. NL Exhaust"
  },
  "AttackSlime": {
    "NAME": "Split: Aggressive",
    "DESCRIPTION": "Split into an Aggressive Slime. NL Exhaust",
    "UPGRADE_DESCRIPTION": "Split into a Aggressive Slime twice. NL Exhaust"
  },
  "CultistSlime": {
    "NAME": "Split: Cultist",
    "DESCRIPTION": "Split into a Cultist Slime. NL Exhaust",
    "UPGRADE_DESCRIPTION": "Split into a Cultist Slime twice. NL Exhaust"
  },
  "DebuffSlime": {
    "NAME": "Split: Licking",
    "DESCRIPTION": "Split into a Licking Slime. NL Exhaust",
    "UPGRADE_DESCRIPTION": "Split into a Licking Slime twice. NL Exhaust"
  },
  "PoisonSlime": {
    "NAME": "Split: Toxic",
    "DESCRIPTION": "Split into a Toxic Slime. NL Exhaust",
    "UPGRADE_DESCRIPTION": "Split into a Toxic Slime twice. NL Exhaust"
  },
  "SlimingSlime": {
    "NAME": "Split: Sludging",
    "DESCRIPTION": "Split into a Sludging Slime. NL Exhaust",
    "UPGRADE_DESCRIPTION": "Split into a Sludging Slime twice. NL Exhaust"
  },
  "SlimeSacrifice": {
    "NAME": "Protect the Boss",
    "DESCRIPTION": "Split into a random slime. NL Prevent the next time you would damaged by an Attack this turn, losing your oldest Slime instead. NL Exhaust",
    "UPGRADE_DESCRIPTION": "Split into a random slime. NL Prevent the next time you would damaged by an Attack this turn, losing your oldest Slime instead."
  },
  "DuplicateSlimes": {
    "NAME": "Replication",
    "DESCRIPTION": "Duplicate all of your spawned Slimes. NL Exhaust"
  },
  "AbsorbAll": {
    "NAME": "Absorption",
    "DESCRIPTION": "Absorb all of your spawned Slimes."
  },
  "AbsorbAllPotency": {
    "NAME": "Knowledge Pool",
    "DESCRIPTION": "Absorb all of your spawned Slimes.  Gain 1 Potency, 1 Strength, and 1 Dexterity for each Slime Absorbed. NL Exhaust"
  },
  "RandomSlimeCard": {
    "NAME": "Split",
    "DESCRIPTION": "Split into a random slime.",
    "UPGRADE_DESCRIPTION": "Split into 2 random slimes."
  },
  "RandomSlimeCard4": {
    "NAME": "Super Split",
    "DESCRIPTION": "Gain !M! Slime slots. NL Add 4 random Split cards to your hand. They cost 0 this turn.  NL Exhaust",
    "UPGRADE_DESCRIPTION": "Gain 2 Slime slots. NL Add 4 random Upgraded Split cards to your hand. They cost 0 this turn.  NL Exhaust"
  },
  "SplittingStrike": {
    "NAME": "Divide & Conquer",
    "DESCRIPTION": "Deal !D! damage. Split into a random slime. NL Exhaust",
    "UPGRADE_DESCRIPTION": "Deal !D! damage. Split into two random slimes. NL Exhaust"
  },
  "SplitForLess": {
    "NAME": "Efficient Goo",
    "DESCRIPTION": "Splitting costs !M! less HP. NL At the start of each turn, add a random Split card to your hand.",
    "UPGRADE_DESCRIPTION": "Innate NL Splitting costs !M! less HP. NL At the start of each turn, add a random Split card to your hand."
  },
    "SlimeTap": {
      "NAME": "Slime Tap",
      "DESCRIPTION": "Absorb your oldest Slime.  Gain [G] and draw a card.",
      "UPGRADE_DESCRIPTION": "Absorb up to 2 of your oldest Slimes.  Gain [G] and draw a card for each Absorbed.",
      "EXTENDED_DESCRIPTION": [
        "Need... slimes..."
      ]
  },
  "Coordinated": {
    "NAME": "Teamwork",
    "DESCRIPTION": "Deal !D! damage X times. NL Trigger your oldest Slime's attack X times, then Absorb it. NL Exhaust.",
    "UPGRADE_DESCRIPTION": "Deal !D! damage X times. NL Trigger your oldest Slime's attack X times, then Absorb it."
  },
  "SlimeBarrage": {
    "NAME": "Slime Barrage",
    "DESCRIPTION": "Deal !D! damage. Trigger all of your Slime's attacks."
  },
  "MaxSlimes": {
    "NAME": "Make Some Room",
    "DESCRIPTION": "Gain !M! Slime slot.",
    "UPGRADE_DESCRIPTION": "Gain !M! Slime slots."
  },
  "AllTogetherNow": {
    "NAME": "Slime Brawl",
    "DESCRIPTION": "Play and Exhaust the top card of your draw pile. Repeat for each of your spawned Slimes. NL Exhaust"
  },
  "Spiked": {
    "NAME": "Spiky Outer Goop",
    "DESCRIPTION": "Gain !M! Thorns and !M! Self-Forming Goo."
  },
  "Hardened": {
    "NAME": "Solid Outer Goop",
    "DESCRIPTION": "Gain !M! Dexterity and 4 Plated Armor.",
    "UPGRADE_DESCRIPTION": "Gain !M! Dexterity and 6 Plated Armor."
  },
  "QuickSpikes": {
    "NAME": "Quick Spikes",
    "DESCRIPTION": "Gain !B! Block and !M! Thorns. NL Lose !M! Thorns at the start of your next turn."
  },
  "SlimeBlockade": {
    "NAME": "Form A Blockade",
    "DESCRIPTION": "Gain !B! Block, plus !M! Block for each spawned Slime."
  },
  "LeechingTouch": {
    "NAME": "Leeching Touch",
    "DESCRIPTION": "Deal !D! damage.  Gain Block equal to the amount of unblocked damage dealt."
  },
  "Dissolve": {
    "NAME": "Dissolve",
    "DESCRIPTION": "Exhaust all cards in your hand. Gain !B! Block and !M! HP for each card Exhausted. NL Exhaust"
  },
  "DuplicatedForm": {
    "NAME": "Duplicated Form",
    "DESCRIPTION": "Can only be used while below half HP. NL Become Halved. NL Gain !M! Tag-Team. NL The first card you play each turn is played twice.",
    "UPGRADE_DESCRIPTION": "Can only be used while below half HP. NL Become Halved. NL Gain !M! Tag-Team. NL The first card you play each turn is played twice.",
    "EXTENDED_DESCRIPTION": [
      "Too... HPy..."
    ]
  },
  "Recollect": {
    "NAME": "Recollect",
    "DESCRIPTION": "Gain !B! Block. NL Return 1 Exhausted card to your Draw Pile.",
    "UPGRADE_DESCRIPTION": "Return 1 Exhausted card to your Draw Pile.",
    "EXTENDED_DESCRIPTION": [
      "Not... exhausted..."
    ]
  },
  "Puddle": {
    "NAME": "Form of Puddle",
    "DESCRIPTION": "Gain 1 Intangible. NL Exhaust"
  },
  "GrowingTendril": {
    "NAME": "Growing Tendril",
    "DESCRIPTION": "Deal !D! Damage. NL Gain !B! Block. NL Increase these effects permanently by !M!. NL Exhaust"
  },
  "Recycling": {
    "NAME": "Recycling",
    "DESCRIPTION": "Whenever you Exhaust a card, gain !M! HP."
  },
  "MorphCard": {
    "NAME": "Repurpose",
    "DESCRIPTION": "Transform a card in your hand for the rest of combat. NL Exhaust",
    "UPGRADE_DESCRIPTION": "Transform up to 2 cards in your hand for the rest of combat. NL Exhaust"
  },
  "BodyBlow": {
    "NAME": "Slime Slam",
    "DESCRIPTION": "Deal 9 damage plus your Block. (Deals !D! damage). NL Lose all Block.",
    "UPGRADE_DESCRIPTION": "Deal 9 damage plus twice your Block. (Deals !D! damage). NL Lose all Block."
  },
  "RapidHeal": {
    "NAME": "Rapid Heal",
    "DESCRIPTION": "Gain !M! Regen. NL Exhaust",
    "UPGRADE_DESCRIPTION": "Gain !M! Regen. NL Draw a card. NL Exhaust",
    "EXTENDED_DESCRIPTION": [
      "Need... Regeneration..."
    ]
  },
  "Lick": {
    "NAME": "Lick",
    "DESCRIPTION": "Apply !M! Weaken and !M! Slimed. NL Draw a card."
  },
  "SlimedLick": {
    "NAME": "Haunting Lick",
    "DESCRIPTION": "Apply !M! Vulnerable and 3 Slimed.",
    "UPGRADE_DESCRIPTION": "Apply !M! Vulnerable and 5 Slimed."
  },
  "PoisonLick": {
    "NAME": "Poison Lick",
    "DESCRIPTION": "Apply !M! Slimed and !M! Poison."
  },
  "MegaLick": {
    "NAME": "Mega-Lick",
    "DESCRIPTION": "Apply !M! Weaken and !M! Slimed to ALL enemies."
  },
  "FocusedLick": {
    "NAME": "Focused Lick",
    "DESCRIPTION": "Remove all Weaken and Poison, replacing them Slimed. NL Apply !M! Slimed.",
    "UPGRADE_DESCRIPTION": "Remove all Weaken and Poison, replacing them Slimed. NL Apply !M! Slimed."
  },
  "SamplingLick": {
    "NAME": "Sampling Lick",
    "DESCRIPTION": "Apply !M! Weaken if enemy already has Weaken. Repeat for Slimed and Poison. NL Draw a card."
  },
  "Gluttony": {
    "NAME": "Gluttony",
    "DESCRIPTION": "Add a random Lick card to your hand each turn.",
    "UPGRADE_DESCRIPTION": "Innate. NL Add a random Lick card to your hand each turn."
  },
  "StrikeWeakPoint": {
    "NAME": "Cull the Weak",
    "DESCRIPTION": "Deal !D! damage. Repeat if the target is Weak, then remove 1 Weak."
  },
  "StrikeFrailPoint": {
    "NAME": "Cull the Frail",
    "DESCRIPTION": "If the target is Frail, remove all of their Block, then remove 1 Frail. NL Deal !D! damage."
  },
  "SickeningTendril": {
    "NAME": "Diseased Tendril",
    "DESCRIPTION": "Deal !D! damage. NL Apply !M! Poison.  This amount is increased by the target's Slimed as if it were damage."
  },
  "PoisonThorns": {
    "NAME": "Acid Gelatin",
    "DESCRIPTION": "Apply !M! Poison to attackers."
  },
  "TongueLash": {
    "NAME": "Tongue Lash",
    "DESCRIPTION": "Deal !D! damage.  Deals !M! additional damage for ALL of your cards containing \"Lick\"."
  },
  "LooksTasty": {
    "NAME": "It Looks Tasty",
    "DESCRIPTION": "Deal !D! damage.  Add a random Lick card if the target was Slimed.",
    "UPGRADE_DESCRIPTION": "Deal !D! damage.  Add two random Lick cards if the target was Slimed."
  },
  "AcidTongue": {
    "NAME": "Acid Tongue",
    "DESCRIPTION": "Apply !M! Poison whenever you apply Weak or Slimed."
  },
  "TendrilStrike": {
    "NAME": "Tendril Strike",
    "DESCRIPTION": "Deal !D! Damage. NL If the enemy has Weak AND Poison, remove 1 of each and return this to your hand."
  },
  "Overexertion": {
    "NAME": "Waste Not",
    "DESCRIPTION": "Return all Exhausted cards to your draw pile. Reduce their costs by 1 this combat. NL Lose 1 HP for each card returned. NL Exhaust",
    "EXTENDED_DESCRIPTION": [
      "Not... Exhausted..."
    ]
  },
  "Prepare": {
    "NAME": "Prepare",
    "DESCRIPTION": "On your next turn, gain [G] [G] and draw !M! cards. NL Retain up to !M! cards this turn. NL Exhaust",
    "UPGRADE_DESCRIPTION": "On your next turn, gain [G] [G] and draw !M! cards. NL Retain up to !M! cards this turn."
  },
  "Grow": {
    "NAME": "Grow",
    "DESCRIPTION": "Gain !M! Strength and !M! Dexterity. NL Add a Grow and a Useful Slime to your discard pile.",
    "UPGRADE_DESCRIPTION": "Gain !M! Strength and !M! Dexterity. NL Add a Grow that costs 1 less and a Useful Slime to your discard pile."
  },
  "Tackle": {
    "NAME": "Tackle",
    "DESCRIPTION": "Deal !D! damage and !B! damage to yourself. NL Apply !M! Weak. NL Draw a card."
  },
  "QuickTackle": {
    "NAME": "Combo Tackle",
    "DESCRIPTION": "Deal !D! damage and !B! damage to yourself. NL Upgrade a random card in your hand for the rest of combat."
  },
  "CorrosiveTackle": {
    "NAME": "Goop Tackle",
    "DESCRIPTION": "Deal !D! damage and !B! damage to yourself. NL Add a random Attack card to your hand. It costs 0 this turn."
  },
  "CorrosiveSpit": {
    "NAME": "Corrosive Spit",
    "DESCRIPTION": "Apply !M! Slimed."
  },
  "FlameTackle": {
    "NAME": "Flame Tackle",
    "DESCRIPTION": "Deal !D! damage and !B! damage to yourself. NL Gain !M! Strength. NL Exhaust"
  },
  "PoisonTackle": {
    "NAME": "Venom Tackle",
    "DESCRIPTION": "Deal !D! damage and !B! damage to yourself. NL Apply !M! Poison."
  },
  "UsefulSlime": {
    "NAME": "Useful Slime!",
    "DESCRIPTION": "Gain [G] [G]. NL Exhaust."
  },
  "TendrilFlail": {
    "NAME": "Rain of Goop",
    "DESCRIPTION": "Apply 2 Slimed to a random enemy !M! times."
  },
  "GoopSpray": {
    "NAME": "Goop Spray",
    "DESCRIPTION": "Apply !M! Slimed and 2 Poison to ALL enemies. NL Exhaust",
    "UPGRADE_DESCRIPTION": "Apply !M! Slimed and 4 Poison to ALL enemies. NL Exhaust"
  },
  "MassFeed": {
    "NAME": "Mass Feed",
    "DESCRIPTION": "Deal !D! damage to ALL enemies. NL If this kills a non-minion enemy, raise your Max HP by !M!. NL Exhaust."
  },
  "TendrilSlash": {
    "NAME": "Slime Smash",
    "DESCRIPTION": "Deal !D! Damage.  This gains twice the normal benefit from Slimed."
  },
  "LeechEnergy": {
    "NAME": "Leech Energy",
    "DESCRIPTION": "Deal !D! damage. Gain [G] if the target is Weak, then repeat if it has Poison."
  },
  "Leech": {
    "NAME": "Leech Life",
    "DESCRIPTION": "Deal !D! damage. NL Apply !M! Poison. NL Gain !M! HP. NL Exhaust"
  },
  "Retaliate": {
    "NAME": "Equalize",
    "DESCRIPTION": "Deal damage equal to half of your missing HP. (Deals !D! damage)."
  },
  "RollThrough": {
    "NAME": "Roll Through",
    "DESCRIPTION": "Deal !D! damage to ALL Slimed enemies."
  },
  "ViolentStop": {
    "NAME": "Disrupting Slam",
    "DESCRIPTION": "Deal !D! damage to ALL enemies. NL Apply !M! Weak to enemies who intend to Attack. NL Apply !M! Frail to enemies who intend to Defend."
  },
  "ChargeUp": {
    "NAME": "Charge Up",
    "DESCRIPTION": "Gain !B! Block. NL On your next turn, gain !M! Strength. NL Ethereal, Exhaust"
  },
  "GuardianWhirl": {
    "NAME": "Guardian Whirl",
    "DESCRIPTION": "Deal !D! damage to ALL enemies 4 times. NL Ethereal, Exhaust"
  },
  "DefensiveMode": {
    "NAME": "Defensive Mode",
    "DESCRIPTION": "Gain !M! Thorns. NL Gain !B! Block, and another !B! Block next turn. NL Ethereal, Exhaust"
  },
  "PrepareSlimeCrush": {
    "NAME": "Prepare: Crush",
    "DESCRIPTION": "On your next turn, gain [G] [G] [G] and !M! Strength, and add SLIME CRUSH to your hand. NL Exhaust",
    "UPGRADE_DESCRIPTION": "On your next turn, gain [G] [G] [G] [G] and !M! Strength, and add SLIME CRUSH to your hand. NL Exhaust"
  },
  "SlimeCrush": {
    "NAME": "SLIME CRUSH!!!",
    "DESCRIPTION": "Deal !D! damage. NL Skip your next turn. NL Exhaust, Ethereal"
  },
  "HexSlime": {
    "NAME": "Ghostflame",
    "DESCRIPTION": "Gain Slime Slots until you have 6. NL Spawn a Ghostflame Slime at the start of each turn for the next !M! turns. NL Ethereal",
    "UPGRADE_DESCRIPTION": "Gain Slime Slots until you have 6. NL Split into two Ghostflame Slimes. If you have at least 6, Absorb all Slimes. NL Ethereal, Exhaust"
  },
  "PrepareDivider": {
    "NAME": "Prepare: Divide",
    "DESCRIPTION": "On your next turn, gain [G] [G] [G] and !M! Strength, and add Divide to your hand. NL Ethereal, Exhaust",
    "UPGRADE_DESCRIPTION": "On your next turn, gain [G] [G] [G] [G] and !M! Strength, and add Divide to your hand. NL Ethereal, Exhaust"
  },
  "Divider": {
    "NAME": "Divide",
    "DESCRIPTION": "Deal !D! damage to a random enemy !M! times. Each enemy hit takes a 1 additional damage every turn.  NL Ethereal, Exhaust"
  },
  "PrepareBeam": {
    "NAME": "Prepare: Beam",
    "DESCRIPTION": "On your next turn, gain [G] [G] [G] and !M! Strength, and add Hyper Beam to your hand. NL Ethereal, Exhaust",
    "UPGRADE_DESCRIPTION": "On your next turn, gain [G] [G] [G] [G] and !M! Strength, and add Hyper Beam to your hand. NL Ethereal, Exhaust"
  },
  "SlimeHyperBeam": {
    "NAME": "Hyper Beam",
    "DESCRIPTION": "Deal !D! damage to ALL enemies. NL Skip your next turn. NL Ethereal, Exhaust"
  },
  "Flail": {
    "NAME": "Flail",
    "DESCRIPTION": "Deal !D! damage twice to ALL enemies. NL Gain !M! Artifact. NL Ethereal, Exhaust"
  },
  "DefensiveStance": {
    "NAME": "Defensive Stance",
    "DESCRIPTION": "Gain !B! Block. NL Gain !M! Block at the end of each turn. NL Ethereal"
  },
  "FaceSlap": {
    "NAME": "Face Slap",
    "DESCRIPTION": "Deal !D! damage. Apply !M! Vulnerable and Frail. NL Ethereal, Exhaust"
  },
  "LastStand": {
    "NAME": "Last Stand",
    "DESCRIPTION": "Can only be used while below half HP. NL Remove all Debuffs. NL Gain !M! Strength. NL Ethereal",
    "EXTENDED_DESCRIPTION": [
      "Too... HPy..."
    ] },
  "Collect": {
    "NAME": "Collect",
    "DESCRIPTION": "Gain !M! Strength and !M! Potency. NL Gain !B! Block. NL Ethereal, Exhaust"
  },
  "YouAreMine": {
    "NAME": "YOU ARE MINE!",
    "DESCRIPTION": "Apply !M! Weak, Vulnerable, and Frail to ALL enemies. NL Ethereal, Exhaust"
  },
  "SlimeRitual": {
    "NAME": "CA-CAW!",
    "DESCRIPTION": "Gain !M! Strength each turn. NL Ethereal"
  },
  "DarkVoid": {
    "NAME": "Dark Void",
    "DESCRIPTION": "Deal !D! damage to ALL enemies. This combat, each enemy receives 10% more damage for each card played in a turn. NL Ethereal, Exhaust"
  },
  "Ripple": {
    "NAME": "Time Ripple",
    "DESCRIPTION": "Gain !B! Block. NL Apply !M! Vulnerable and Weak to ALL enemies. NL Ethereal, Exhaust"
  },
  "HeadSlam": {
    "NAME": "Head Slam",
    "DESCRIPTION": "Deal !D! damage. Stun the enemy if they are not a Boss. NL Ethereal, Exhaust"
  },
  "StopTime": {
    "NAME": "Stop Time",
    "DESCRIPTION": "Can only be played as the first card in a turn. Gain !M! Strength. NL Stun all enemies, then end your turn. NL Ethereal, Exhaust",
    "UPGRADE_DESCRIPTION": "Can only be played as the first card in a turn. Gain !M! Strength. NL Stun all enemies, then end your turn. NL Ethereal, Exhaust",
    "EXTENDED_DESCRIPTION": [
      "Too... Late..."
    ]
  },
  "CircleOfPower": {
    "NAME": "Donu's Power",
    "DESCRIPTION": "Gain 1 Strength and 1 Artifact. NL Add a random Power card to your hand. It costs 0 this turn. NL Ethereal, Exhaust"
  },
  "SquareOfProtection": {
    "NAME": "Deca's Protection",
    "DESCRIPTION": "Gain 1 Dexterity and 3 Plated Armor. NL Add a random Skill card to your hand. It costs 0 this turn. NL Ethereal, Exhaust"
  },
  "PolyBeam": {
    "NAME": "Poly Beam",
    "DESCRIPTION": "Deal !D! damage twice. Damage is increased by 1 for each Power played this combat (Played !M! Powers). NL Ethereal, Exhaust"
  },
  "Sear": {
    "NAME": "Sear",
    "DESCRIPTION": "Deal !D! damage. Enemy takes an additional 2 damage every turn this combat. NL Ethereal, Exhaust"
  },
  "StudyAutomaton": {
    "NAME": "Study Automaton",
    "DESCRIPTION": "Add a random Automaton card to your hand at the start of your next !M! turns.",
    "UPGRADE_DESCRIPTION": "Add a random Upgraded Automaton card to your hand at the start of each turn."
  },
  "StudyAwakened": {
    "NAME": "Study Awakened",
    "DESCRIPTION": "Add a random Awakened One card to your hand at the start of your next !M! turns.",
    "UPGRADE_DESCRIPTION": "Add a random Upgraded Awakened One card to your hand at the start of each turn."
  },
  "StudyChamp": {
    "NAME": "Study the Champ",
    "DESCRIPTION": "Add a random Champ card to your hand at the start of your next !M! turns.",
    "UPGRADE_DESCRIPTION": "Add a random Upgraded Champ card to your hand at the start of each turn."
  },
  "StudyCollector": {
    "NAME": "Study Collector",
    "DESCRIPTION": "Add a random Collector card to your hand at the start of your next !M! turns.",
    "UPGRADE_DESCRIPTION": "Add a random Upgraded Collector card to your hand at the start of each turn."
  },
  "StudyGuardian": {
    "NAME": "Study Guardian",
    "DESCRIPTION": "Add a random Guardian card to your hand at the start of your next !M! turns.",
    "UPGRADE_DESCRIPTION": "Add a random Upgraded Guardian card to your hand at the start of each turn."
  },
  "StudyHexaghost": {
    "NAME": "Study Hexaghost",
    "DESCRIPTION": "Add a random Hexaghost card to your hand at the start of your next !M! turns.",
    "UPGRADE_DESCRIPTION": "Add a random Upgraded Hexaghost card to your hand at the start of each turn."
  },
  "StudyShapes": {
    "NAME": "Study Donu & Deca",
    "DESCRIPTION": "Add a random Donu & Deca card to your hand at the start of your next !M! turns.",
    "UPGRADE_DESCRIPTION": "Add a random Upgraded Donu & Deca card to your hand at the start of each turn."
  },
  "StudyTimeEater": {
    "NAME": "Study Time Eater",
    "DESCRIPTION": "Add a random Time Eater card to your hand at the start of your next !M! turns.",
    "UPGRADE_DESCRIPTION": "Add a random Upgraded Time Eater card to your hand at the start of each turn."
  }
}