{
	"skeleton": { "hash": "ZCfw3mzGiApHvDlaWbzi+6Sjqhw", "spine": "3.4.02", "width": 349, "height": 143.09, "images": "" },
	"bones": [
		{ "name": "root" ,"scaleX": -1},
		{ "name": "body", "parent": "root", "x": 1.17, "y": 57.72 },
		{ "name": "drop1", "parent": "root", "x": 144.86, "y": 41 },
		{ "name": "drop2", "parent": "root", "x": -133.42, "y": 77.16 },
		{ "name": "drop3", "parent": "root", "x": 168.03, "y": 48.25 },
		{ "name": "eyeback1", "parent": "body", "x": -79.12, "y": 55.65 },
		{ "name": "eye1", "parent": "eyeback1", "x": -0.67, "y": 0.12 },
		{ "name": "eyeback2", "parent": "body", "x": -54.7, "y": 56.47 },
		{ "name": "eye2", "parent": "eyeback2", "x": -0.39, "y": -0.31 },
		{ "name": "eyeback3", "parent": "body", "x": -67.73, "y": 33.67 },
		{ "name": "eye3", "parent": "eyeback3", "x": -1.14, "y": -0.08 },
		{ "name": "eyeback4", "parent": "body", "x": -41.17, "y": 40.51 },
		{ "name": "eye4", "parent": "eyeback4", "x": -0.75, "y": -1.26 },
		{ "name": "eyeback5", "parent": "body", "x": -19.29, "y": 47.11 },
		{ "name": "eye5", "parent": "eyeback5", "x": -0.43, "y": 1.69 },
		{ "name": "eyeback6", "parent": "body", "x": -22.96, "y": 25.94 },
		{ "name": "eye6", "parent": "eyeback6", "x": 1.8, "y": 0.47 },
		{ "name": "eyeback7", "parent": "body", "x": 3.49, "y": 40.19 },
		{ "name": "eye7", "parent": "eyeback7", "x": -3.07, "y": -2.33 },
		{ "name": "leftsquish", "parent": "root", "x": -99.19, "y": 59.96 },
		{ "name": "middlesquish", "parent": "root", "x": -8.34, "y": 121.58 },
		{ "name": "rightsquish", "parent": "root", "x": 76.97, "y": 66.28 },
		{ "name": "shadow", "parent": "root", "x": 1.17, "y": 48.45 }
	],
	"slots": [
		{ "name": "images/shadow", "bone": "shadow", "attachment": "images/shadow" },
		{ "name": "images/drop2", "bone": "drop2", "attachment": "images/drop2" },
		{ "name": "images/drop3", "bone": "drop3", "attachment": "images/drop3" },
		{ "name": "images/drop1", "bone": "drop1", "attachment": "images/drop1" },
		{ "name": "images/body", "bone": "body", "attachment": "images/body" },
		{ "name": "images/eyeshadow1", "bone": "eyeback1", "attachment": "images/eyeshadow1" },
		{ "name": "images/eyeshadow2", "bone": "eyeback2", "attachment": "images/eyeshadow2" },
		{ "name": "images/eyeshadow3", "bone": "eyeback3", "attachment": "images/eyeshadow3" },
		{ "name": "images/eyeshadow4", "bone": "eyeback4", "attachment": "images/eyeshadow4" },
		{ "name": "images/eyeshadow5", "bone": "eyeback5", "attachment": "images/eyeshadow5" },
		{ "name": "images/eyeshadow6", "bone": "eyeback6", "attachment": "images/eyeshadow6" },
		{ "name": "images/eyeshadow7", "bone": "eyeback7", "attachment": "images/eyeshadow7" },
		{ "name": "images/eye1", "bone": "eye1" },
		{ "name": "images/eye2", "bone": "eye2" },
		{ "name": "images/eye3", "bone": "eye3", "attachment": "images/eye3" },
		{ "name": "images/eye5", "bone": "eye5" },
		{ "name": "images/eye6", "bone": "eye6", "attachment": "images/eye6" },
		{ "name": "images/eye7", "bone": "eye7", "attachment": "images/eye7" },
		{ "name": "images/eye4", "bone": "eye4", "attachment": "images/eye4" }
	],
	"skins": {
		"default": {
			"images/body": {
				"images/body": {
					"type": "mesh",
					"uvs": [ 0.66951, 0.08642, 0.95052, 0.47112, 0.98489, 0.55488, 0.97727, 0.62901, 0.94196, 0.70628, 0.85771, 0.79178, 0.71816, 0.87253, 0.59441, 0.90103, 0.49699, 0.91053, 0.18367, 0.85828, 0.07572, 0.81553, 0, 0.72528, 0.00217, 0.53513, 0.19089, 0.20338, 0.3002, 0.01953, 0.41632, 0, 0.57983, 0, 0.12311, 0.36529, 0.31005, 0.82978, 0.40747, 0.86303, 0.88667, 0.73003, 0.88721, 0.44502, 0.82461, 0.34321, 0.73149, 0.18322, 0.25902, 0.34905, 0.42258, 0.4178, 0.60679, 0.44645, 0.74177, 0.38629, 0.818, 0.58397, 0.64173, 0.67278, 0.40988, 0.64126, 0.21296, 0.58683, 0.10022, 0.56391 ],
					"triangles": [ 30, 25, 26, 25, 24, 15, 15, 13, 14, 26, 25, 23, 25, 0, 23, 0, 15, 16, 0, 25, 15, 15, 24, 13, 8, 9, 19, 9, 18, 19, 19, 18, 30, 18, 9, 31, 9, 10, 31, 18, 31, 30, 10, 32, 31, 10, 11, 32, 11, 12, 32, 30, 31, 25, 32, 17, 31, 31, 24, 25, 31, 17, 24, 32, 12, 17, 17, 12, 13, 17, 13, 24, 7, 8, 29, 6, 7, 29, 29, 8, 19, 6, 29, 5, 19, 30, 29, 5, 20, 4, 5, 29, 20, 29, 28, 20, 20, 28, 4, 4, 28, 3, 2, 3, 21, 21, 3, 28, 30, 26, 29, 29, 26, 28, 2, 21, 1, 26, 27, 28, 21, 27, 22, 21, 28, 27, 27, 26, 23, 1, 21, 22, 27, 23, 22, 1, 22, 23, 1, 23, 0 ],
					"vertices": [ 2, 21, -30.53, 72.11, 0.26371, 20, 54.78, 16.81, 0.73628, 2, 21, 44.49, 15.18, 1, 19, 220.66, 21.5, 0, 3, 21, 53.67, 2.78, 0.99706, 19, 229.84, 9.1, 0, 20, 138.99, -52.51, 0.00293, 2, 21, 51.63, -8.18, 0.99787, 20, 136.95, -63.48, 0.00212, 2, 21, 42.2, -19.62, 0.99974, 20, 127.52, -74.92, 2.5E-4, 2, 21, 19.70999, -32.27, 0.99898, 19, 195.88, -25.95, 0.00101, 3, 21, -17.54, -44.22, 0.90441, 19, 158.62, -37.9, 0.03596, 20, 67.76999, -99.52, 0.05961, 3, 21, -50.58, -48.44, 0.66365, 19, 125.58, -42.12, 0.13497, 20, 34.73, -103.74, 0.20136, 3, 21, -76.58999, -49.84, 0.44498, 19, 99.57, -43.52, 0.26851, 20, 8.72, -105.14, 0.28649, 3, 21, -160.25, -42.11, 0.02529, 19, 15.91, -35.79, 0.92563, 20, -74.93, -97.41, 0.04907, 2, 21, -189.07, -35.78, 0.00129, 19, -12.9, -29.46, 0.9987, 1, 19, -33.12, -16.11, 1, 2, 19, -32.54, 12.03, 0.99945, 20, -123.39, -49.58, 5.3E-4, 2, 19, 17.83, 61.12, 0.46671, 20, -73.01, -0.49, 0.53328, 2, 19, 47.02, 88.33, 0.14142, 20, -43.82, 26.71, 0.85857, 2, 19, 78.03, 91.22, 0.02153, 20, -12.81, 29.6, 0.97846, 2, 21, -54.48, 84.9, 0.08214, 20, 30.83, 29.6, 0.91785, 2, 19, -0.25, 37.16, 0.78349, 20, -91.1, -24.45, 0.2165, 3, 21, -126.51, -37.89, 0.1177, 19, 49.65, -31.57, 0.6603, 20, -41.18999, -93.19, 0.22199, 3, 21, -100.5, -41.54, 0.27423, 19, 75.66, -35.22, 0.42647, 20, -15.18, -96.84, 0.29927, 1, 21, 27.44, -23.13, 1, 2, 21, 27.58, 19.04, 0.96758, 20, 112.9, -36.25, 0.03241, 2, 21, 10.87, 34.11, 0.89032, 20, 96.19, -21.18, 0.10967, 2, 21, -13.98, 57.79, 0.54847, 20, 71.33, 2.49, 0.45151, 3, 21, -140.13, 33.24, 0.00338, 19, 36.03, 39.56, 0.45062, 20, -54.81, -22.05, 0.54597, 3, 21, -96.46, 23.07, 0.09471, 19, 79.69999, 29.39, 0.23382, 20, -11.14, -32.22, 0.67146, 3, 21, -47.28, 18.83, 0.39451, 19, 128.88, 25.15, 0.03185, 20, 38.03, -36.46, 0.57362, 3, 21, -11.24, 27.73, 0.84893, 19, 164.92, 34.05, 0.00178, 20, 74.07, -27.56, 0.14927, 2, 21, 9.1, -1.51, 0.99974, 19, 185.27, 4.8, 2.5E-4, 3, 21, -37.95, -14.66, 0.69921, 19, 138.21, -8.34, 0.07704, 20, 47.36, -69.96, 0.22374, 3, 21, -99.85, -9.99, 0.1997, 19, 76.31, -3.67, 0.35069, 20, -14.53, -65.29, 0.44959, 3, 21, -152.43, -1.94, 0.01369, 19, 23.73, 4.37, 0.81684, 20, -67.11, -57.24, 0.16945, 2, 19, -6.36, 7.76, 0.99447, 20, -97.21, -53.85, 0.00552 ],
					"hull": 17,
					"edges": [ 22, 24, 30, 32, 28, 30, 2, 4, 32, 0, 0, 2, 8, 10, 10, 12, 4, 6, 6, 8, 12, 14, 18, 20, 20, 22, 14, 16, 16, 18, 24, 26, 26, 28 ],
					"width": 267,
					"height": 148
				}
			},
			"images/drop1": {
				"images/drop1": { "width": 32, "height": 18 }
			},
			"images/drop2": {
				"images/drop2": { "width": 11, "height": 7 }
			},
			"images/drop3": {
				"images/drop3": { "width": 13, "height": 8 }
			},
			"images/eye1": {
				"images/eye1": { "x": -0.48, "width": 11, "height": 16 }
			},
			"images/eye2": {
				"images/eye2": { "width": 13, "height": 12 }
			},
			"images/eye3": {
				"images/eye3": { "width": 11, "height": 11 }
			},
			"images/eye4": {
				"images/eye4": { "width": 14, "height": 12 }
			},
			"images/eye5": {
				"images/eye5": { "width": 11, "height": 9 }
			},
			"images/eye6": {
				"images/eye6": { "width": 11, "height": 9 }
			},
			"images/eye7": {
				"images/eye7": { "width": 8, "height": 8 }
			},
			"images/eyeshadow1": {
				"images/eyeshadow1": { "x": 2.03, "width": 23, "height": 19 }
			},
			"images/eyeshadow2": {
				"images/eyeshadow2": { "width": 28, "height": 16 }
			},
			"images/eyeshadow3": {
				"images/eyeshadow3": { "width": 26, "height": 16 }
			},
			"images/eyeshadow4": {
				"images/eyeshadow4": { "y": -0.13, "width": 30, "height": 18 }
			},
			"images/eyeshadow5": {
				"images/eyeshadow5": { "y": 1.22, "width": 24, "height": 14 }
			},
			"images/eyeshadow6": {
				"images/eyeshadow6": { "width": 25, "height": 12 }
			},
			"images/eyeshadow7": {
				"images/eyeshadow7": { "x": -2.03, "y": -1.22, "width": 20, "height": 11 }
			},
			"images/shadow": {
				"images/shadow": { "x": 9.27, "y": -1.85, "width": 349, "height": 77 }
			}
		}
	},
	"events": {
		"blink": {},
		"hit": {}
	},
	"animations": {
		"Idle": {
			"slots": {
				"images/eye1": {
					"attachment": [
						{ "time": 1.2333, "name": null },
						{ "time": 1.5666, "name": "images/eye1" }
					]
				},
				"images/eye2": {
					"attachment": [
						{ "time": 7.9333, "name": null },
						{ "time": 8.2, "name": "images/eye2" }
					]
				},
				"images/eye3": {
					"attachment": [
						{ "time": 4.2, "name": null },
						{ "time": 4.5333, "name": "images/eye3" }
					]
				},
				"images/eye4": {
					"attachment": [
						{ "time": 9.2666, "name": null },
						{ "time": 9.6, "name": "images/eye4" }
					]
				},
				"images/eye5": {
					"attachment": [
						{ "time": 9.9666, "name": null },
						{ "time": 10.3333, "name": "images/eye5" }
					]
				},
				"images/eye6": {
					"attachment": [
						{ "time": 4.7333, "name": null },
						{ "time": 5.1, "name": "images/eye6" }
					]
				},
				"images/eye7": {
					"attachment": [
						{ "time": 1.4, "name": null },
						{ "time": 1.7333, "name": "images/eye7" },
						{ "time": 12.3666, "name": null },
						{ "time": 12.8333, "name": "images/eye7" }
					]
				}
			},
			"bones": {
				"body": {
					"scale": [
						{
							"time": 0,
							"x": 1,
							"y": 1,
							"curve": [ 0.25, 0, 0.75, 1 ]
						},
						{
							"time": 3.3333,
							"x": 1,
							"y": 0.942,
							"curve": [ 0.25, 0, 0.75, 1 ]
						},
						{
							"time": 6.6666,
							"x": 1,
							"y": 1,
							"curve": [ 0.25, 0, 0.75, 1 ]
						},
						{
							"time": 10,
							"x": 1,
							"y": 0.942,
							"curve": [ 0.25, 0, 0.75, 1 ]
						},
						{ "time": 13.3333, "x": 1, "y": 1 }
					]
				},
				"eyeback3": {
					"translate": [
						{
							"time": 0,
							"x": 0,
							"y": 0,
							"curve": [ 0.25, 0, 0.75, 1 ]
						},
						{
							"time": 3.3333,
							"x": -7.01,
							"y": -4.96,
							"curve": [ 0.25, 0, 0.75, 1 ]
						},
						{
							"time": 6.6666,
							"x": -2.91,
							"y": 2.18,
							"curve": [ 0.25, 0, 0.75, 1 ]
						},
						{
							"time": 10,
							"x": -7.01,
							"y": -4.96,
							"curve": [ 0.25, 0, 0.75, 1 ]
						},
						{ "time": 13.3333, "x": 0, "y": 0 }
					]
				},
				"eyeback1": {
					"rotate": [
						{ "time": 0, "angle": 0 },
						{ "time": 2.3333, "angle": -15.16 },
						{ "time": 6.6666, "angle": 0 },
						{ "time": 10, "angle": -15.16 },
						{ "time": 13.3333, "angle": 0 }
					],
					"translate": [
						{
							"time": 0,
							"x": 0,
							"y": 0,
							"curve": [ 0.25, 0, 0.75, 1 ]
						},
						{
							"time": 2.3333,
							"x": -4.88,
							"y": -5.69,
							"curve": [ 0.25, 0, 0.75, 1 ]
						},
						{
							"time": 6.6666,
							"x": 1.57,
							"y": 0,
							"curve": [ 0.25, 0, 0.75, 1 ]
						},
						{
							"time": 10,
							"x": -4.88,
							"y": -5.69,
							"curve": [ 0.25, 0, 0.75, 1 ]
						},
						{ "time": 13.3333, "x": 0, "y": 0 }
					]
				},
				"eyeback2": {
					"translate": [
						{
							"time": 0,
							"x": 0,
							"y": 0,
							"curve": [ 0.25, 0, 0.75, 1 ]
						},
						{
							"time": 3.3333,
							"x": 0,
							"y": -6.13,
							"curve": [ 0.25, 0, 0.75, 1 ]
						},
						{
							"time": 6.6666,
							"x": 2.86,
							"y": 0,
							"curve": [ 0.25, 0, 0.75, 1 ]
						},
						{
							"time": 10,
							"x": 0,
							"y": -6.13,
							"curve": [ 0.25, 0, 0.75, 1 ]
						},
						{ "time": 13.3333, "x": 0, "y": 0 }
					]
				},
				"eyeback4": {
					"translate": [
						{ "time": 0, "x": 0, "y": 0 },
						{ "time": 3.3333, "x": 0, "y": -9.47 },
						{ "time": 6.6666, "x": 0, "y": 0 },
						{ "time": 10, "x": 0, "y": -9.47 },
						{ "time": 13.3333, "x": 0, "y": 0 }
					]
				},
				"eyeback5": {
					"translate": [
						{
							"time": 0,
							"x": 0,
							"y": 0,
							"curve": [ 0.25, 0, 0.75, 1 ]
						},
						{
							"time": 3.3333,
							"x": 3.58,
							"y": -2.28,
							"curve": [ 0.25, 0, 0.75, 1 ]
						},
						{
							"time": 6.6666,
							"x": 1.43,
							"y": -3.04,
							"curve": [ 0.25, 0, 0.75, 1 ]
						},
						{
							"time": 10,
							"x": 3.58,
							"y": -2.28,
							"curve": [ 0.25, 0, 0.75, 1 ]
						},
						{ "time": 13.3333, "x": 0, "y": 0 }
					]
				},
				"eyeback6": {
					"rotate": [
						{ "time": 0, "angle": 0 },
						{ "time": 3.3333, "angle": 5 },
						{ "time": 6.6666, "angle": 0 },
						{ "time": 10, "angle": 5 },
						{ "time": 13.3333, "angle": 0 }
					],
					"translate": [
						{ "time": 0, "x": 0, "y": 0 },
						{ "time": 3.3333, "x": 9.32, "y": -6.85 },
						{ "time": 6.6666, "x": 4.3, "y": 0 },
						{ "time": 10, "x": 9.32, "y": -6.85 },
						{ "time": 13.3333, "x": 0, "y": 0 }
					]
				},
				"eyeback7": {
					"translate": [
						{
							"time": 0,
							"x": 0,
							"y": 0,
							"curve": [ 0.25, 0, 0.75, 1 ]
						},
						{
							"time": 3.3333,
							"x": 0,
							"y": -6.4,
							"curve": [ 0.25, 0, 0.75, 1 ]
						},
						{
							"time": 6.6666,
							"x": 3.35,
							"y": 3.34,
							"curve": [ 0.25, 0, 0.75, 1 ]
						},
						{
							"time": 10,
							"x": 0,
							"y": -6.4,
							"curve": [ 0.25, 0, 0.75, 1 ]
						},
						{ "time": 13.3333, "x": 0, "y": 0 }
					]
				},
				"eye1": {
					"translate": [
						{ "time": 7, "x": 0, "y": 0 },
						{ "time": 7.3333, "x": 0, "y": 2.95, "curve": "stepped" },
						{ "time": 8, "x": 0, "y": 2.95 },
						{ "time": 8.3333, "x": -1.74, "y": -1.84, "curve": "stepped" },
						{ "time": 9, "x": -1.74, "y": -1.84 },
						{ "time": 9.3333, "x": 0, "y": 0 }
					]
				},
				"eye7": {
					"translate": [
						{
							"time": 5.6666,
							"x": 0,
							"y": 0,
							"curve": [ 0.25, 0, 0.75, 1 ]
						},
						{ "time": 6, "x": 2.18, "y": 2.19, "curve": "stepped" },
						{
							"time": 6.6666,
							"x": 2.18,
							"y": 2.19,
							"curve": [ 0.25, 0, 0.75, 1 ]
						},
						{ "time": 7, "x": 0, "y": 0 }
					]
				},
				"eye3": {
					"translate": [
						{ "time": 10.6666, "x": 0, "y": 0 },
						{ "time": 11, "x": -3.52, "y": 0, "curve": "stepped" },
						{ "time": 11.6666, "x": -3.52, "y": 0 },
						{ "time": 12, "x": 3.52, "y": 0, "curve": "stepped" },
						{ "time": 12.6666, "x": 3.52, "y": 0 },
						{ "time": 13, "x": 0, "y": 0 }
					]
				},
				"eye5": {
					"translate": [
						{
							"time": 0,
							"x": 3.94,
							"y": 0,
							"curve": [ 0.25, 0, 0.75, 1 ]
						},
						{
							"time": 0.6666,
							"x": 3.72,
							"y": 0,
							"curve": [ 0.25, 0, 0.75, 1 ]
						},
						{ "time": 1, "x": 0, "y": 0, "curve": "stepped" },
						{
							"time": 12,
							"x": 0,
							"y": 0,
							"curve": [ 0.25, 0, 0.75, 1 ]
						},
						{ "time": 12.3333, "x": -3.94, "y": 0, "curve": "stepped" },
						{
							"time": 13,
							"x": -3.94,
							"y": 0,
							"curve": [ 0.25, 0, 0.75, 1 ]
						},
						{ "time": 13.3333, "x": 3.94, "y": 0 }
					]
				},
				"eye4": {
					"translate": [
						{
							"time": 2.3333,
							"x": 0,
							"y": 0,
							"curve": [ 0.25, 0, 0.75, 1 ]
						},
						{ "time": 2.6666, "x": 3.35, "y": -1.31, "curve": "stepped" },
						{
							"time": 3.3333,
							"x": 3.35,
							"y": -1.31,
							"curve": [ 0.25, 0, 0.75, 1 ]
						},
						{ "time": 3.6666, "x": -4.6, "y": 1.6, "curve": "stepped" },
						{
							"time": 4.3333,
							"x": -4.6,
							"y": 1.6,
							"curve": [ 0.25, 0, 0.75, 1 ]
						},
						{ "time": 4.6666, "x": 0, "y": 0 }
					]
				},
				"shadow": {
					"scale": [
						{
							"time": 0,
							"x": 1,
							"y": 1,
							"curve": [ 0.25, 0, 0.75, 1 ]
						},
						{
							"time": 3.3333,
							"x": 1.027,
							"y": 1,
							"curve": [ 0.25, 0, 0.75, 1 ]
						},
						{
							"time": 6.6666,
							"x": 1,
							"y": 1,
							"curve": [ 0.25, 0, 0.75, 1 ]
						},
						{
							"time": 10,
							"x": 1.027,
							"y": 1,
							"curve": [ 0.25, 0, 0.75, 1 ]
						},
						{ "time": 13.3333, "x": 1, "y": 1 }
					]
				}
			},
			"deform": {
				"default": {
					"images/body": {
						"images/body": [
							{
								"time": 0,
								"curve": [ 0.25, 0, 0.75, 1 ]
							},
							{
								"time": 3.3333,
								"offset": 1,
								"vertices": [ -4.3947, 0, -4.39469, 11.89993, 0, 11.89993, 0, 11.89993, 0, 11.89993, 0, 11.89993, 0, 11.89993, 0, 11.89993, 0, 11.89993, 0, 11.89993, 0, 11.89993, 0, 11.89993, 0, 0, -9.18435, 0, -9.18435, 0, -9.18435, 0, -16.61503, 0, -16.61503, 0, -16.61503, 0, -9.18435, 0, -9.18435, 0, -9.18435, -7.82999, -5.24817, -7.82999, -5.24817, -7.82999, -5.24817, -20.37998, -8.22046, -20.37999, -8.22046, -20.37998, -2.97228, -22.47995, -1.49037, -22.47995, -1.49037, -7.82999, -9.93584, -7.82999, -9.93583, 0, -4.3947, 0, -4.39469, 0, -4.3947, 0, -4.39469, 0, -4.3947, 0, -4.39469, -16.17996, 0, -16.17996, 0, -7.82999, -5.24817, -7.82999, -5.24817, -7.82999, -5.24817, -3.552, -2.51367, -3.552, -2.51367, -3.552, -2.51367, 11.89993, 0, 11.89993, -4.61761, 11.89993, -4.61761, 11.89993, -4.61761, 11.89993, -4.61761, 0, -9.01233, 0, -9.01232, -7.82999, -1.49042, -7.82999, -1.49042, -7.82999, -1.49042, 0, -1.49042, 0, -1.49042, 0, -1.49042, 0, -1.49042, 0, -1.49042, 0, -1.49042, 5.21998, -3.33747, 5.21998, -3.33747, 5.21998, -3.33747, 11.89993, -1.49037, 11.89993, -1.49037, 0, -10.67473, 0, -10.67473, 0, -10.67473, 0, -1.49037, 0, -1.49037, 0, -1.49037, -16.17997, -1.49037, -16.17997, -1.49037, -16.17997, -1.49037, -16.17997, -1.49037, -16.17997, -1.49037 ],
								"curve": [ 0.25, 0, 0.75, 1 ]
							},
							{
								"time": 6.6666,
								"offset": 98,
								"vertices": [ -6.29995, 0, -6.29995, 0, 0, 0, 0, 0, 0, 0, 0, 0, 0, 0, 0, 0, 0, 0, 0, 0, 0, 0, 0, 0, 0, 0, -6.29995, 0, -6.29995, 0, -6.29995 ],
								"curve": [ 0.25, 0, 0.75, 1 ]
							},
							{
								"time": 10,
								"offset": 1,
								"vertices": [ -4.3947, 0, -4.39469, 11.89993, 0, 11.89993, 0, 11.89993, 0, 11.89993, 0, 11.89993, 0, 11.89993, 0, 11.89993, 0, 11.89993, 0, 11.89993, 0, 11.89993, 0, 11.89993, 0, 0, -9.18435, 0, -9.18435, 0, -9.18435, 0, -9.18435, 0, -9.18435, 0, -9.18435, 0, -9.18435, 0, -9.18435, 0, -9.18435, -7.82999, -5.24817, -7.82999, -5.24817, -7.82999, -5.24817, -16.17997, -5.24817, -16.17997, -5.24817, -16.17996, 0, -16.17997, -1.49037, -16.17997, -1.49037, -7.82999, -9.93584, -7.82999, -9.93583, 0, -4.3947, 0, -4.39469, 0, -4.3947, 0, -4.39469, 0, -4.3947, 0, -4.39469, -16.17996, 0, -16.17996, 0, -7.82999, -5.24817, -7.82999, -5.24817, -7.82999, -5.24817, -7.10398, -7.54112, -7.10398, -7.54112, -7.10398, -7.54112, 11.89993, 0, 11.89993, -4.61761, 11.89993, -4.61761, 11.89993, -4.61761, 11.89993, -4.61761, 0, -9.01233, 0, -9.01232, -7.82999, -1.49042, -7.82999, -1.49042, -7.82999, -1.49042, 0, -1.49042, 0, -1.49042, 0, -1.49042, 0, -1.49042, 0, -1.49042, 0, -1.49042, 5.21998, -3.33747, 5.21998, -3.33747, 5.21998, -3.33747, 11.89993, -1.49037, 11.89993, -1.49037, 0, -10.67473, 0, -10.67473, 0, -10.67473, 0, -1.49037, 0, -1.49037, 0, -1.49037, -16.17997, -1.49037, -16.17997, -1.49037, -16.17997, -1.49037, -16.17997, -1.49037, -16.17997, -1.49037 ],
								"curve": [ 0.25, 0, 0.75, 1 ]
							},
							{ "time": 13.3333 }
						]
					}
				}
			},
			"events": [
				{ "time": 1.2333, "name": "blink" },
				{ "time": 1.4, "name": "blink" },
				{ "time": 4.2, "name": "blink" },
				{ "time": 4.7333, "name": "blink" },
				{ "time": 7.9333, "name": "blink" },
				{ "time": 9.2666, "name": "blink" },
				{ "time": 9.9666, "name": "blink" },
				{ "time": 12.3666, "name": "blink" }
			]
		},
		"damage": {
			"slots": {
				"images/body": {
					"attachment": [
						{ "time": 0, "name": "images/body" },
						{ "time": 1, "name": "images/body" }
					]
				},
				"images/eye1": {
					"attachment": [
						{ "time": 0, "name": "images/eye1" },
						{ "time": 0.1, "name": null },
						{ "time": 0.3, "name": "images/eye1" },
						{ "time": 1, "name": "images/eye1" }
					]
				},
				"images/eye2": {
					"attachment": [
						{ "time": 0, "name": "images/eye2" },
						{ "time": 0.1, "name": null },
						{ "time": 0.3, "name": "images/eye2" },
						{ "time": 1, "name": "images/eye2" }
					]
				},
				"images/eye3": {
					"attachment": [
						{ "time": 0.2, "name": null },
						{ "time": 0.4, "name": "images/eye3" }
					]
				},
				"images/eye4": {
					"attachment": [
						{ "time": 0.2666, "name": null },
						{ "time": 0.4666, "name": "images/eye4" }
					]
				},
				"images/eye5": {
					"attachment": [
						{ "time": 0, "name": "images/eye5" },
						{ "time": 0.1, "name": null },
						{ "time": 0.2666, "name": "images/eye5" },
						{ "time": 1, "name": "images/eye5" }
					]
				},
				"images/eye6": {
					"attachment": [
						{ "time": 0.2666, "name": null },
						{ "time": 0.4666, "name": "images/eye6" }
					]
				},
				"images/eye7": {
					"attachment": [
						{ "time": 0.3333, "name": null },
						{ "time": 0.4666, "name": "images/eye7" }
					]
				}
			},
			"bones": {
				"eyeback3": {
					"translate": [
						{
							"time": 0,
							"x": 0,
							"y": 0,
							"curve": [ 0.25, 0, 0.75, 1 ]
						},
						{
							"time": 0.5,
							"x": 17.35,
							"y": -7.38,
							"curve": [ 0.306, 0.23, 0.756, 1 ]
						},
						{
							"time": 0.5666,
							"x": 16.65,
							"y": -5.27,
							"curve": [ 0.25, 0, 0.75, 1 ]
						},
						{ "time": 1, "x": 0, "y": 0 }
					]
				},
				"eyeback4": {
					"translate": [
						{
							"time": 0.0333,
							"x": 0,
							"y": 0,
							"curve": [ 0.25, 0, 0.75, 1 ]
						},
						{ "time": 0.5, "x": 16.65, "y": -5.27, "curve": "stepped" },
						{
							"time": 0.5666,
							"x": 16.65,
							"y": -5.27,
							"curve": [ 0.25, 0, 0.75, 1 ]
						},
						{ "time": 1, "x": 0, "y": 0 }
					]
				},
				"eyeback6": {
					"translate": [
						{
							"time": 0,
							"x": 0,
							"y": 0,
							"curve": [ 0.25, 0, 0.75, 1 ]
						},
						{ "time": 0.4333, "x": 16.65, "y": -5.27, "curve": "stepped" },
						{
							"time": 0.5666,
							"x": 16.65,
							"y": -5.27,
							"curve": [ 0.25, 0, 0.75, 1 ]
						},
						{ "time": 1, "x": 0, "y": 0 }
					]
				},
				"eyeback1": {
					"translate": [
						{
							"time": 0,
							"x": 0,
							"y": 0,
							"curve": [ 0.268, 0, 0.618, 0.41 ]
						},
						{
							"time": 0.3,
							"x": 19.24,
							"y": -11.62,
							"curve": [ 0.32, 0.29, 0.661, 0.65 ]
						},
						{
							"time": 0.5333,
							"x": 18.46,
							"y": -9.44,
							"curve": [ 0.377, 0.51, 0.747, 1 ]
						},
						{ "time": 1, "x": 0, "y": 0 }
					]
				},
				"eyeback5": {
					"translate": [
						{
							"time": 0,
							"x": 0,
							"y": 0,
							"curve": [ 0.25, 0, 0.75, 1 ]
						},
						{
							"time": 0.3333,
							"x": 7.13,
							"y": -3.29,
							"curve": [ 0.25, 0, 0.75, 1 ]
						},
						{
							"time": 0.6,
							"x": 13.83,
							"y": -3.87,
							"curve": [ 0.37, 0.48, 0.752, 1 ]
						},
						{ "time": 1, "x": 0, "y": 0 }
					]
				},
				"eyeback7": {
					"translate": [
						{
							"time": 0,
							"x": 0,
							"y": 0,
							"curve": [ 0.25, 0, 0.75, 1 ]
						},
						{
							"time": 0.5,
							"x": 19.46,
							"y": -5.27,
							"curve": [ 0.306, 0.23, 0.756, 1 ]
						},
						{
							"time": 0.5666,
							"x": 16.65,
							"y": -5.27,
							"curve": [ 0.25, 0, 0.75, 1 ]
						},
						{ "time": 1, "x": 0, "y": 0 }
					]
				},
				"eyeback2": {
					"translate": [
						{
							"time": 0,
							"x": 0,
							"y": 0,
							"curve": [ 0.25, 0, 0.75, 1 ]
						},
						{
							"time": 0.1666,
							"x": 7.13,
							"y": -3.29,
							"curve": [ 0.25, 0, 0.75, 1 ]
						},
						{
							"time": 0.2666,
							"x": 12.18,
							"y": -5.01,
							"curve": [ 0.25, 0, 0.75, 1 ]
						},
						{
							"time": 0.3333,
							"x": 13.62,
							"y": -5.25,
							"curve": [ 0.25, 0, 0.75, 1 ]
						},
						{
							"time": 0.4333,
							"x": 16.65,
							"y": -5.27,
							"curve": [ 0.278, 0, 0.622, 0.39 ]
						},
						{
							"time": 0.5333,
							"x": 18.76,
							"y": -5.27,
							"curve": [ 0.328, 0.31, 0.757, 1 ]
						},
						{
							"time": 0.5666,
							"x": 16.65,
							"y": -5.27,
							"curve": [ 0.25, 0, 0.75, 1 ]
						},
						{ "time": 1, "x": 0, "y": 0 }
					]
				},
				"leftsquish": {
					"translate": [
						{ "time": 0, "x": 0, "y": 0 },
						{ "time": 0.3, "x": 20.69, "y": 0 },
						{ "time": 1, "x": 0, "y": 0 }
					]
				},
				"middlesquish": {
					"translate": [
						{ "time": 0, "x": 0, "y": 0 },
						{ "time": 0.3, "x": 35.32, "y": -10.92 },
						{ "time": 1, "x": 0, "y": 0 }
					]
				},
				"rightsquish": {
					"translate": [
						{ "time": 0, "x": 0, "y": 0 },
						{ "time": 0.4666, "x": 3.44, "y": 0 },
						{ "time": 1, "x": 0, "y": 0 }
					]
				}
			},
			"events": [
				{ "time": 0.1, "name": "blink" },
				{ "time": 0.2, "name": "blink" },
				{ "time": 0.2666, "name": "blink" },
				{ "time": 0.3666, "name": "blink" }
			]
		}
	}
}